steam Id,title,publishers,developers,genre_1,genre_2,genre_3,tag game type,tag style,tag mechanics,tag perspective,date,price,copies sold,revenue,top seller rank,ccu,reviews,followers,average playtime,outstanding wishlist,positive reviews,free game,daily copies sold,daily revenue,daily reviews,daily outstanding wishlist
1840080,Homeworld 3,Gearbox Publishing,Blackbird Interactive,Simulation,Strategy,-,"RTS, Strategy, Multiplayer, Roguelike, Simulation, Roguelite","Sci-fi, Story Rich, Atmospheric","Tactical, Combat, Real-Time","3D, Isometric",2024-01-01,59.99,3996.0,215769.0,856.0,0.0,0.0,64040.0,0.0,876705.0,,False,0.0,0.0,0.0,0.0
1840080,Homeworld 3,Gearbox Publishing,Blackbird Interactive,Simulation,Strategy,-,"RTS, Strategy, Multiplayer, Roguelike, Simulation, Roguelite","Sci-fi, Story Rich, Atmospheric","Tactical, Combat, Real-Time","3D, Isometric",2024-01-02,59.99,4041.0,218164.0,913.0,0.0,0.0,64102.0,0.0,877556.0,,False,45.0,2395.0,0.0,851.0
1840080,Homeworld 3,Gearbox Publishing,Blackbird Interactive,Simulation,Strategy,-,"RTS, Strategy, Multiplayer, Roguelike, Simulation, Roguelite","Sci-fi, Story Rich, Atmospheric","Tactical, Combat, Real-Time","3D, Isometric",2024-01-03,59.99,4084.0,220504.0,966.0,0.0,0.0,64158.0,0.0,878318.0,,False,43.0,2340.0,0.0,762.0
1840080,Homeworld 3,Gearbox Publishing,Blackbird Interactive,Simulation,Strategy,-,"RTS, Strategy, Multiplayer, Roguelike, Simulation, Roguelite","Sci-fi, Story Rich, Atmospheric","Tactical, Combat, Real-Time","3D, Isometric",2024-01-04,59.99,4134.0,223191.0,825.0,0.0,0.0,64214.0,0.0,879079.0,,False,50.0,2687.0,0.0,761.0
1840080,Homeworld 3,Gearbox Publishing,Blackbird Interactive,Simulation,Strategy,-,"RTS, Strategy, Multiplayer, Roguelike, Simulation, Roguelite","Sci-fi, Story Rich, Atmospheric","Tactical, Combat, Real-Time","3D, Isometric",2024-01-05,59.99,4234.0,228574.0,537.0,0.0,0.0,64283.0,0.0,880029.0,,False,100.0,5383.0,0.0,950.0
1840080,Homeworld 3,Gearbox Publishing,Blackbird Interactive,Simulation,Strategy,-,"RTS, Strategy, Multiplayer, Roguelike, Simulation, Roguelite","Sci-fi, Story Rich, Atmospheric","Tactical, Combat, Real-Time","3D, Isometric",2024-01-06,59.99,4351.0,234937.0,436.0,0.0,0.0,64370.0,0.0,881211.0,,False,117.0,6363.0,0.0,1182.0
1840080,Homeworld 3,Gearbox Publishing,Blackbird Interactive,Simulation,Strategy,-,"RTS, Strategy, Multiplayer, Roguelike, Simulation, Roguelite","Sci-fi, Story Rich, Atmospheric","Tactical, Combat, Real-Time","3D, Isometric",2024-01-07,59.99,4477.0,241720.0,420.0,0.0,0.0,64453.0,0.0,882350.0,,False,126.0,6783.0,0.0,1139.0
1840080,Homeworld 3,Gearbox Publishing,Blackbird Interactive,Simulation,Strategy,-,"RTS, Strategy, Multiplayer, Roguelike, Simulation, Roguelite","Sci-fi, Story Rich, Atmospheric","Tactical, Combat, Real-Time","3D, Isometric",2024-01-08,59.99,4612.0,249012.0,407.0,0.0,0.0,64531.0,0.0,883426.0,,False,135.0,7292.0,0.0,1076.0
1840080,Homeworld 3,Gearbox Publishing,Blackbird Interactive,Simulation,Strategy,-,"RTS, Strategy, Multiplayer, Roguelike, Simulation, Roguelite","Sci-fi, Story Rich, Atmospheric","Tactical, Combat, Real-Time","3D, Isometric",2024-01-09,59.99,4904.0,264774.0,414.0,0.0,0.0,64595.0,0.0,884298.0,,False,292.0,15762.0,0.0,872.0
1840080,Homeworld 3,Gearbox Publishing,Blackbird Interactive,Simulation,Strategy,-,"RTS, Strategy, Multiplayer, Roguelike, Simulation, Roguelite","Sci-fi, Story Rich, Atmospheric","Tactical, Combat, Real-Time","3D, Isometric",2024-01-10,59.99,5027.0,271398.0,430.0,0.0,0.0,64663.0,0.0,885227.0,,False,123.0,6624.0,0.0,929.0
1840080,Homeworld 3,Gearbox Publishing,Blackbird Interactive,Simulation,Strategy,-,"RTS, Strategy, Multiplayer, Roguelike, Simulation, Roguelite","Sci-fi, Story Rich, Atmospheric","Tactical, Combat, Real-Time","3D, Isometric",2024-01-11,59.99,5183.0,279813.0,372.0,0.0,0.0,64757.0,0.0,886514.0,,False,156.0,8415.0,0.0,1287.0
1840080,Homeworld 3,Gearbox Publishing,Blackbird Interactive,Simulation,Strategy,-,"RTS, Strategy, Multiplayer, Roguelike, Simulation, Roguelite","Sci-fi, Story Rich, Atmospheric","Tactical, Combat, Real-Time","3D, Isometric",2024-01-12,59.99,5349.0,288770.0,358.0,0.0,0.0,64874.0,0.0,888123.0,,False,166.0,8957.0,0.0,1609.0
1840080,Homeworld 3,Gearbox Publishing,Blackbird Interactive,Simulation,Strategy,-,"RTS, Strategy, Multiplayer, Roguelike, Simulation, Roguelite","Sci-fi, Story Rich, Atmospheric","Tactical, Combat, Real-Time","3D, Isometric",2024-01-13,59.99,5477.0,295718.0,426.0,0.0,0.0,64994.0,0.0,889764.0,,False,128.0,6948.0,0.0,1641.0
1840080,Homeworld 3,Gearbox Publishing,Blackbird Interactive,Simulation,Strategy,-,"RTS, Strategy, Multiplayer, Roguelike, Simulation, Roguelite","Sci-fi, Story Rich, Atmospheric","Tactical, Combat, Real-Time","3D, Isometric",2024-01-14,59.99,5617.0,303284.0,403.0,0.0,0.0,65121.0,0.0,891501.0,,False,140.0,7566.0,0.0,1737.0
1840080,Homeworld 3,Gearbox Publishing,Blackbird Interactive,Simulation,Strategy,-,"RTS, Strategy, Multiplayer, Roguelike, Simulation, Roguelite","Sci-fi, Story Rich, Atmospheric","Tactical, Combat, Real-Time","3D, Isometric",2024-01-15,59.99,5777.0,311878.0,367.0,0.0,0.0,65261.0,0.0,893419.0,,False,160.0,8594.0,0.0,1918.0
1840080,Homeworld 3,Gearbox Publishing,Blackbird Interactive,Simulation,Strategy,-,"RTS, Strategy, Multiplayer, Roguelike, Simulation, Roguelite","Sci-fi, Story Rich, Atmospheric","Tactical, Combat, Real-Time","3D, Isometric",2024-01-16,59.99,5947.0,321096.0,350.0,0.0,0.0,65384.0,0.0,895096.0,,False,170.0,9218.0,0.0,1677.0
1840080,Homeworld 3,Gearbox Publishing,Blackbird Interactive,Simulation,Strategy,-,"RTS, Strategy, Multiplayer, Roguelike, Simulation, Roguelite","Sci-fi, Story Rich, Atmospheric","Tactical, Combat, Real-Time","3D, Isometric",2024-01-17,59.99,6132.0,331071.0,333.0,0.0,0.0,65493.0,0.0,896585.0,,False,185.0,9975.0,0.0,1489.0
1840080,Homeworld 3,Gearbox Publishing,Blackbird Interactive,Simulation,Strategy,-,"RTS, Strategy, Multiplayer, Roguelike, Simulation, Roguelite","Sci-fi, Story Rich, Atmospheric","Tactical, Combat, Real-Time","3D, Isometric",2024-01-18,59.99,6295.0,339895.0,361.0,0.0,0.0,65591.0,0.0,897935.0,,False,163.0,8824.0,0.0,1350.0
1840080,Homeworld 3,Gearbox Publishing,Blackbird Interactive,Simulation,Strategy,-,"RTS, Strategy, Multiplayer, Roguelike, Simulation, Roguelite","Sci-fi, Story Rich, Atmospheric","Tactical, Combat, Real-Time","3D, Isometric",2024-01-19,59.99,6445.0,347985.0,381.0,0.0,0.0,65671.0,0.0,899032.0,,False,150.0,8090.0,0.0,1097.0
1840080,Homeworld 3,Gearbox Publishing,Blackbird Interactive,Simulation,Strategy,-,"RTS, Strategy, Multiplayer, Roguelike, Simulation, Roguelite","Sci-fi, Story Rich, Atmospheric","Tactical, Combat, Real-Time","3D, Isometric",2024-01-20,59.99,6780.0,366040.0,375.0,0.0,0.0,65775.0,0.0,900447.0,,False,335.0,18055.0,0.0,1415.0
1840080,Homeworld 3,Gearbox Publishing,Blackbird Interactive,Simulation,Strategy,-,"RTS, Strategy, Multiplayer, Roguelike, Simulation, Roguelite","Sci-fi, Story Rich, Atmospheric","Tactical, Combat, Real-Time","3D, Isometric",2024-01-21,59.99,6877.0,371296.0,394.0,0.0,0.0,65880.0,0.0,901894.0,,False,97.0,5256.0,0.0,1447.0
1840080,Homeworld 3,Gearbox Publishing,Blackbird Interactive,Simulation,Strategy,-,"RTS, Strategy, Multiplayer, Roguelike, Simulation, Roguelite","Sci-fi, Story Rich, Atmospheric","Tactical, Combat, Real-Time","3D, Isometric",2024-01-22,59.99,6953.0,375386.0,381.0,0.0,0.0,65978.0,0.0,903227.0,,False,76.0,4090.0,0.0,1333.0
1840080,Homeworld 3,Gearbox Publishing,Blackbird Interactive,Simulation,Strategy,-,"RTS, Strategy, Multiplayer, Roguelike, Simulation, Roguelite","Sci-fi, Story Rich, Atmospheric","Tactical, Combat, Real-Time","3D, Isometric",2024-01-23,59.99,7066.0,381515.0,400.0,0.0,0.0,66053.0,0.0,904254.0,,False,113.0,6129.0,0.0,1027.0
1840080,Homeworld 3,Gearbox Publishing,Blackbird Interactive,Simulation,Strategy,-,"RTS, Strategy, Multiplayer, Roguelike, Simulation, Roguelite","Sci-fi, Story Rich, Atmospheric","Tactical, Combat, Real-Time","3D, Isometric",2024-01-24,59.99,7212.0,389397.0,387.0,0.0,0.0,66115.0,0.0,905109.0,,False,146.0,7882.0,0.0,855.0
1840080,Homeworld 3,Gearbox Publishing,Blackbird Interactive,Simulation,Strategy,-,"RTS, Strategy, Multiplayer, Roguelike, Simulation, Roguelite","Sci-fi, Story Rich, Atmospheric","Tactical, Combat, Real-Time","3D, Isometric",2024-01-25,59.99,7349.0,396799.0,398.0,0.0,0.0,66170.0,0.0,905855.0,,False,137.0,7402.0,0.0,746.0
1840080,Homeworld 3,Gearbox Publishing,Blackbird Interactive,Simulation,Strategy,-,"RTS, Strategy, Multiplayer, Roguelike, Simulation, Roguelite","Sci-fi, Story Rich, Atmospheric","Tactical, Combat, Real-Time","3D, Isometric",2024-01-26,59.99,7511.0,405500.0,367.0,0.0,0.0,66234.0,0.0,906731.0,,False,162.0,8701.0,0.0,876.0
1840080,Homeworld 3,Gearbox Publishing,Blackbird Interactive,Simulation,Strategy,-,"RTS, Strategy, Multiplayer, Roguelike, Simulation, Roguelite","Sci-fi, Story Rich, Atmospheric","Tactical, Combat, Real-Time","3D, Isometric",2024-01-27,59.99,7659.0,413529.0,385.0,0.0,0.0,66303.0,0.0,907683.0,,False,148.0,8029.0,0.0,952.0
1840080,Homeworld 3,Gearbox Publishing,Blackbird Interactive,Simulation,Strategy,-,"RTS, Strategy, Multiplayer, Roguelike, Simulation, Roguelite","Sci-fi, Story Rich, Atmospheric","Tactical, Combat, Real-Time","3D, Isometric",2024-01-28,59.99,7822.0,422295.0,364.0,0.0,0.0,66379.0,0.0,908716.0,,False,163.0,8766.0,0.0,1033.0
1840080,Homeworld 3,Gearbox Publishing,Blackbird Interactive,Simulation,Strategy,-,"RTS, Strategy, Multiplayer, Roguelike, Simulation, Roguelite","Sci-fi, Story Rich, Atmospheric","Tactical, Combat, Real-Time","3D, Isometric",2024-01-29,59.99,7978.0,430746.0,374.0,0.0,0.0,66450.0,0.0,909687.0,,False,156.0,8451.0,0.0,971.0
1840080,Homeworld 3,Gearbox Publishing,Blackbird Interactive,Simulation,Strategy,-,"RTS, Strategy, Multiplayer, Roguelike, Simulation, Roguelite","Sci-fi, Story Rich, Atmospheric","Tactical, Combat, Real-Time","3D, Isometric",2024-01-30,59.99,8134.0,439180.0,371.0,0.0,0.0,66515.0,0.0,910586.0,,False,156.0,8434.0,0.0,899.0
1840080,Homeworld 3,Gearbox Publishing,Blackbird Interactive,Simulation,Strategy,-,"RTS, Strategy, Multiplayer, Roguelike, Simulation, Roguelite","Sci-fi, Story Rich, Atmospheric","Tactical, Combat, Real-Time","3D, Isometric",2024-01-31,59.99,8322.0,449336.0,328.0,0.0,0.0,66576.0,0.0,911422.0,,False,188.0,10156.0,0.0,836.0
1840080,Homeworld 3,Gearbox Publishing,Blackbird Interactive,Simulation,Strategy,-,"RTS, Strategy, Multiplayer, Roguelike, Simulation, Roguelite","Sci-fi, Story Rich, Atmospheric","Tactical, Combat, Real-Time","3D, Isometric",2024-02-01,59.99,8532.0,460655.0,303.0,0.0,0.0,66648.0,0.0,912397.0,,False,210.0,11319.0,0.0,975.0
1840080,Homeworld 3,Gearbox Publishing,Blackbird Interactive,Simulation,Strategy,-,"RTS, Strategy, Multiplayer, Roguelike, Simulation, Roguelite","Sci-fi, Story Rich, Atmospheric","Tactical, Combat, Real-Time","3D, Isometric",2024-02-02,59.99,8714.0,470490.0,339.0,0.0,0.0,66713.0,0.0,913287.0,,False,182.0,9835.0,0.0,890.0
1840080,Homeworld 3,Gearbox Publishing,Blackbird Interactive,Simulation,Strategy,-,"RTS, Strategy, Multiplayer, Roguelike, Simulation, Roguelite","Sci-fi, Story Rich, Atmospheric","Tactical, Combat, Real-Time","3D, Isometric",2024-02-03,59.99,8887.0,479831.0,349.0,0.0,0.0,66793.0,0.0,914384.0,,False,173.0,9341.0,0.0,1097.0
1840080,Homeworld 3,Gearbox Publishing,Blackbird Interactive,Simulation,Strategy,-,"RTS, Strategy, Multiplayer, Roguelike, Simulation, Roguelite","Sci-fi, Story Rich, Atmospheric","Tactical, Combat, Real-Time","3D, Isometric",2024-02-04,59.99,9081.0,490274.0,323.0,0.0,0.0,66889.0,0.0,915697.0,,False,194.0,10443.0,0.0,1313.0
1840080,Homeworld 3,Gearbox Publishing,Blackbird Interactive,Simulation,Strategy,-,"RTS, Strategy, Multiplayer, Roguelike, Simulation, Roguelite","Sci-fi, Story Rich, Atmospheric","Tactical, Combat, Real-Time","3D, Isometric",2024-02-05,59.99,9567.0,516551.0,163.0,0.0,0.0,67327.0,0.0,921697.0,,False,486.0,26277.0,0.0,6000.0
1840080,Homeworld 3,Gearbox Publishing,Blackbird Interactive,Simulation,Strategy,-,"RTS, Strategy, Multiplayer, Roguelike, Simulation, Roguelite","Sci-fi, Story Rich, Atmospheric","Tactical, Combat, Real-Time","3D, Isometric",2024-02-06,59.99,10170.0,549083.0,97.0,0.0,0.0,68124.0,0.0,932605.0,,False,603.0,32532.0,0.0,10908.0
1840080,Homeworld 3,Gearbox Publishing,Blackbird Interactive,Simulation,Strategy,-,"RTS, Strategy, Multiplayer, Roguelike, Simulation, Roguelite","Sci-fi, Story Rich, Atmospheric","Tactical, Combat, Real-Time","3D, Isometric",2024-02-07,59.99,10683.0,576783.0,144.0,0.0,0.0,68775.0,0.0,941524.0,,False,513.0,27700.0,0.0,8919.0
1840080,Homeworld 3,Gearbox Publishing,Blackbird Interactive,Simulation,Strategy,-,"RTS, Strategy, Multiplayer, Roguelike, Simulation, Roguelite","Sci-fi, Story Rich, Atmospheric","Tactical, Combat, Real-Time","3D, Isometric",2024-02-08,59.99,11000.0,593878.0,226.0,0.0,0.0,69208.0,0.0,947451.0,,False,317.0,17095.0,0.0,5927.0
1840080,Homeworld 3,Gearbox Publishing,Blackbird Interactive,Simulation,Strategy,-,"RTS, Strategy, Multiplayer, Roguelike, Simulation, Roguelite","Sci-fi, Story Rich, Atmospheric","Tactical, Combat, Real-Time","3D, Isometric",2024-02-09,59.99,11218.0,605651.0,292.0,0.0,0.0,69585.0,0.0,952613.0,,False,218.0,11773.0,0.0,5162.0
1840080,Homeworld 3,Gearbox Publishing,Blackbird Interactive,Simulation,Strategy,-,"RTS, Strategy, Multiplayer, Roguelike, Simulation, Roguelite","Sci-fi, Story Rich, Atmospheric","Tactical, Combat, Real-Time","3D, Isometric",2024-02-10,59.99,11344.0,612465.0,329.0,0.0,0.0,69896.0,0.0,956864.0,,False,126.0,6814.0,0.0,4251.0
1840080,Homeworld 3,Gearbox Publishing,Blackbird Interactive,Simulation,Strategy,-,"RTS, Strategy, Multiplayer, Roguelike, Simulation, Roguelite","Sci-fi, Story Rich, Atmospheric","Tactical, Combat, Real-Time","3D, Isometric",2024-02-11,59.99,11421.0,616612.0,363.0,0.0,0.0,70174.0,0.0,960667.0,,False,77.0,4147.0,0.0,3803.0
1840080,Homeworld 3,Gearbox Publishing,Blackbird Interactive,Simulation,Strategy,-,"RTS, Strategy, Multiplayer, Roguelike, Simulation, Roguelite","Sci-fi, Story Rich, Atmospheric","Tactical, Combat, Real-Time","3D, Isometric",2024-02-12,59.99,11551.0,623638.0,375.0,0.0,0.0,70404.0,0.0,963817.0,,False,130.0,7026.0,0.0,3150.0
1840080,Homeworld 3,Gearbox Publishing,Blackbird Interactive,Simulation,Strategy,-,"RTS, Strategy, Multiplayer, Roguelike, Simulation, Roguelite","Sci-fi, Story Rich, Atmospheric","Tactical, Combat, Real-Time","3D, Isometric",2024-02-13,59.99,11870.0,640887.0,363.0,0.0,0.0,70601.0,0.0,966515.0,,False,319.0,17249.0,0.0,2698.0
1840080,Homeworld 3,Gearbox Publishing,Blackbird Interactive,Simulation,Strategy,-,"RTS, Strategy, Multiplayer, Roguelike, Simulation, Roguelite","Sci-fi, Story Rich, Atmospheric","Tactical, Combat, Real-Time","3D, Isometric",2024-02-14,59.99,12012.0,648536.0,387.0,0.0,0.0,70811.0,0.0,969392.0,,False,142.0,7649.0,0.0,2877.0
1840080,Homeworld 3,Gearbox Publishing,Blackbird Interactive,Simulation,Strategy,-,"RTS, Strategy, Multiplayer, Roguelike, Simulation, Roguelite","Sci-fi, Story Rich, Atmospheric","Tactical, Combat, Real-Time","3D, Isometric",2024-02-15,59.99,12131.0,654939.0,439.0,0.0,0.0,70964.0,0.0,971486.0,,False,119.0,6403.0,0.0,2094.0
1840080,Homeworld 3,Gearbox Publishing,Blackbird Interactive,Simulation,Strategy,-,"RTS, Strategy, Multiplayer, Roguelike, Simulation, Roguelite","Sci-fi, Story Rich, Atmospheric","Tactical, Combat, Real-Time","3D, Isometric",2024-02-16,59.99,12231.0,660369.0,477.0,0.0,0.0,71074.0,0.0,972993.0,,False,100.0,5430.0,0.0,1507.0
1840080,Homeworld 3,Gearbox Publishing,Blackbird Interactive,Simulation,Strategy,-,"RTS, Strategy, Multiplayer, Roguelike, Simulation, Roguelite","Sci-fi, Story Rich, Atmospheric","Tactical, Combat, Real-Time","3D, Isometric",2024-02-17,59.99,12288.0,663414.0,534.0,0.0,0.0,71178.0,0.0,974412.0,,False,57.0,3045.0,0.0,1419.0
1840080,Homeworld 3,Gearbox Publishing,Blackbird Interactive,Simulation,Strategy,-,"RTS, Strategy, Multiplayer, Roguelike, Simulation, Roguelite","Sci-fi, Story Rich, Atmospheric","Tactical, Combat, Real-Time","3D, Isometric",2024-02-18,59.99,12320.0,665176.0,613.0,0.0,0.0,71277.0,0.0,975772.0,,False,32.0,1762.0,0.0,1360.0
1840080,Homeworld 3,Gearbox Publishing,Blackbird Interactive,Simulation,Strategy,-,"RTS, Strategy, Multiplayer, Roguelike, Simulation, Roguelite","Sci-fi, Story Rich, Atmospheric","Tactical, Combat, Real-Time","3D, Isometric",2024-02-19,59.99,12373.0,668032.0,642.0,0.0,0.0,71375.0,0.0,977118.0,,False,53.0,2856.0,0.0,1346.0
1840080,Homeworld 3,Gearbox Publishing,Blackbird Interactive,Simulation,Strategy,-,"RTS, Strategy, Multiplayer, Roguelike, Simulation, Roguelite","Sci-fi, Story Rich, Atmospheric","Tactical, Combat, Real-Time","3D, Isometric",2024-02-20,59.99,12444.0,671836.0,595.0,0.0,0.0,71454.0,0.0,978202.0,,False,71.0,3804.0,0.0,1084.0
1840080,Homeworld 3,Gearbox Publishing,Blackbird Interactive,Simulation,Strategy,-,"RTS, Strategy, Multiplayer, Roguelike, Simulation, Roguelite","Sci-fi, Story Rich, Atmospheric","Tactical, Combat, Real-Time","3D, Isometric",2024-02-21,59.99,12510.0,675433.0,618.0,0.0,0.0,71523.0,0.0,979138.0,,False,66.0,3597.0,0.0,936.0
1840080,Homeworld 3,Gearbox Publishing,Blackbird Interactive,Simulation,Strategy,-,"RTS, Strategy, Multiplayer, Roguelike, Simulation, Roguelite","Sci-fi, Story Rich, Atmospheric","Tactical, Combat, Real-Time","3D, Isometric",2024-02-22,59.99,12575.0,678949.0,636.0,0.0,0.0,71591.0,0.0,980079.0,,False,65.0,3516.0,0.0,941.0
1840080,Homeworld 3,Gearbox Publishing,Blackbird Interactive,Simulation,Strategy,-,"RTS, Strategy, Multiplayer, Roguelike, Simulation, Roguelite","Sci-fi, Story Rich, Atmospheric","Tactical, Combat, Real-Time","3D, Isometric",2024-02-23,59.99,12646.0,682766.0,600.0,0.0,0.0,71654.0,0.0,980931.0,,False,71.0,3817.0,0.0,852.0
1840080,Homeworld 3,Gearbox Publishing,Blackbird Interactive,Simulation,Strategy,-,"RTS, Strategy, Multiplayer, Roguelike, Simulation, Roguelite","Sci-fi, Story Rich, Atmospheric","Tactical, Combat, Real-Time","3D, Isometric",2024-02-24,59.99,12726.0,687095.0,553.0,0.0,0.0,71704.0,0.0,981614.0,,False,80.0,4329.0,0.0,683.0
1840080,Homeworld 3,Gearbox Publishing,Blackbird Interactive,Simulation,Strategy,-,"RTS, Strategy, Multiplayer, Roguelike, Simulation, Roguelite","Sci-fi, Story Rich, Atmospheric","Tactical, Combat, Real-Time","3D, Isometric",2024-02-25,59.99,12804.0,691321.0,550.0,0.0,0.0,71759.0,0.0,982378.0,,False,78.0,4226.0,0.0,764.0
1840080,Homeworld 3,Gearbox Publishing,Blackbird Interactive,Simulation,Strategy,-,"RTS, Strategy, Multiplayer, Roguelike, Simulation, Roguelite","Sci-fi, Story Rich, Atmospheric","Tactical, Combat, Real-Time","3D, Isometric",2024-02-26,59.99,12877.0,695267.0,578.0,0.0,0.0,71819.0,0.0,983196.0,,False,73.0,3946.0,0.0,818.0
1840080,Homeworld 3,Gearbox Publishing,Blackbird Interactive,Simulation,Strategy,-,"RTS, Strategy, Multiplayer, Roguelike, Simulation, Roguelite","Sci-fi, Story Rich, Atmospheric","Tactical, Combat, Real-Time","3D, Isometric",2024-02-27,59.99,12958.0,699639.0,542.0,0.0,0.0,71869.0,0.0,983878.0,,False,81.0,4372.0,0.0,682.0
1840080,Homeworld 3,Gearbox Publishing,Blackbird Interactive,Simulation,Strategy,-,"RTS, Strategy, Multiplayer, Roguelike, Simulation, Roguelite","Sci-fi, Story Rich, Atmospheric","Tactical, Combat, Real-Time","3D, Isometric",2024-02-28,59.99,13018.0,702867.0,522.0,0.0,0.0,71915.0,0.0,984503.0,,False,60.0,3228.0,0.0,625.0
1840080,Homeworld 3,Gearbox Publishing,Blackbird Interactive,Simulation,Strategy,-,"RTS, Strategy, Multiplayer, Roguelike, Simulation, Roguelite","Sci-fi, Story Rich, Atmospheric","Tactical, Combat, Real-Time","3D, Isometric",2024-02-29,59.99,13059.0,705078.0,544.0,0.0,0.0,71961.0,0.0,985141.0,,False,41.0,2211.0,0.0,638.0
1840080,Homeworld 3,Gearbox Publishing,Blackbird Interactive,Simulation,Strategy,-,"RTS, Strategy, Multiplayer, Roguelike, Simulation, Roguelite","Sci-fi, Story Rich, Atmospheric","Tactical, Combat, Real-Time","3D, Isometric",2024-03-01,59.99,13121.0,708413.0,569.0,0.0,0.0,72011.0,0.0,985818.0,,False,62.0,3335.0,0.0,677.0
1840080,Homeworld 3,Gearbox Publishing,Blackbird Interactive,Simulation,Strategy,-,"RTS, Strategy, Multiplayer, Roguelike, Simulation, Roguelite","Sci-fi, Story Rich, Atmospheric","Tactical, Combat, Real-Time","3D, Isometric",2024-03-02,59.99,13189.0,712096.0,609.0,0.0,0.0,72079.0,0.0,986751.0,,False,68.0,3683.0,0.0,933.0
1840080,Homeworld 3,Gearbox Publishing,Blackbird Interactive,Simulation,Strategy,-,"RTS, Strategy, Multiplayer, Roguelike, Simulation, Roguelite","Sci-fi, Story Rich, Atmospheric","Tactical, Combat, Real-Time","3D, Isometric",2024-03-03,59.99,13262.0,716032.0,588.0,0.0,0.0,72143.0,0.0,987634.0,,False,73.0,3936.0,0.0,883.0
1840080,Homeworld 3,Gearbox Publishing,Blackbird Interactive,Simulation,Strategy,-,"RTS, Strategy, Multiplayer, Roguelike, Simulation, Roguelite","Sci-fi, Story Rich, Atmospheric","Tactical, Combat, Real-Time","3D, Isometric",2024-03-04,59.99,13331.0,719741.0,595.0,0.0,0.0,72198.0,0.0,988385.0,,False,69.0,3709.0,0.0,751.0
1840080,Homeworld 3,Gearbox Publishing,Blackbird Interactive,Simulation,Strategy,-,"RTS, Strategy, Multiplayer, Roguelike, Simulation, Roguelite","Sci-fi, Story Rich, Atmospheric","Tactical, Combat, Real-Time","3D, Isometric",2024-03-05,59.99,13389.0,722865.0,724.0,0.0,0.0,72249.0,0.0,989083.0,,False,58.0,3124.0,0.0,698.0
1840080,Homeworld 3,Gearbox Publishing,Blackbird Interactive,Simulation,Strategy,-,"RTS, Strategy, Multiplayer, Roguelike, Simulation, Roguelite","Sci-fi, Story Rich, Atmospheric","Tactical, Combat, Real-Time","3D, Isometric",2024-03-06,59.99,13440.0,725612.0,793.0,0.0,0.0,72299.0,0.0,989767.0,,False,51.0,2747.0,0.0,684.0
1840080,Homeworld 3,Gearbox Publishing,Blackbird Interactive,Simulation,Strategy,-,"RTS, Strategy, Multiplayer, Roguelike, Simulation, Roguelite","Sci-fi, Story Rich, Atmospheric","Tactical, Combat, Real-Time","3D, Isometric",2024-03-07,59.99,13564.0,732359.0,654.0,0.0,0.0,72354.0,0.0,990516.0,,False,124.0,6747.0,0.0,749.0
1840080,Homeworld 3,Gearbox Publishing,Blackbird Interactive,Simulation,Strategy,-,"RTS, Strategy, Multiplayer, Roguelike, Simulation, Roguelite","Sci-fi, Story Rich, Atmospheric","Tactical, Combat, Real-Time","3D, Isometric",2024-03-08,59.99,13626.0,735703.0,658.0,0.0,0.0,72410.0,0.0,991281.0,,False,62.0,3344.0,0.0,765.0
1840080,Homeworld 3,Gearbox Publishing,Blackbird Interactive,Simulation,Strategy,-,"RTS, Strategy, Multiplayer, Roguelike, Simulation, Roguelite","Sci-fi, Story Rich, Atmospheric","Tactical, Combat, Real-Time","3D, Isometric",2024-03-09,59.99,13705.0,739943.0,563.0,0.0,0.0,72471.0,0.0,992116.0,,False,79.0,4240.0,0.0,835.0
1840080,Homeworld 3,Gearbox Publishing,Blackbird Interactive,Simulation,Strategy,-,"RTS, Strategy, Multiplayer, Roguelike, Simulation, Roguelite","Sci-fi, Story Rich, Atmospheric","Tactical, Combat, Real-Time","3D, Isometric",2024-03-10,59.99,13757.0,742775.0,554.0,0.0,0.0,72532.0,0.0,992961.0,,False,52.0,2832.0,0.0,845.0
1840080,Homeworld 3,Gearbox Publishing,Blackbird Interactive,Simulation,Strategy,-,"RTS, Strategy, Multiplayer, Roguelike, Simulation, Roguelite","Sci-fi, Story Rich, Atmospheric","Tactical, Combat, Real-Time","3D, Isometric",2024-03-11,59.99,13792.0,744624.0,608.0,0.0,0.0,72593.0,0.0,993787.0,,False,35.0,1849.0,0.0,826.0
1840080,Homeworld 3,Gearbox Publishing,Blackbird Interactive,Simulation,Strategy,-,"RTS, Strategy, Multiplayer, Roguelike, Simulation, Roguelite","Sci-fi, Story Rich, Atmospheric","Tactical, Combat, Real-Time","3D, Isometric",2024-03-12,59.99,13859.0,748284.0,558.0,0.0,0.0,72638.0,0.0,994401.0,,False,67.0,3660.0,0.0,614.0
1840080,Homeworld 3,Gearbox Publishing,Blackbird Interactive,Simulation,Strategy,-,"RTS, Strategy, Multiplayer, Roguelike, Simulation, Roguelite","Sci-fi, Story Rich, Atmospheric","Tactical, Combat, Real-Time","3D, Isometric",2024-03-13,59.99,13942.0,752750.0,527.0,0.0,0.0,72685.0,0.0,995052.0,,False,83.0,4466.0,0.0,651.0
1840080,Homeworld 3,Gearbox Publishing,Blackbird Interactive,Simulation,Strategy,-,"RTS, Strategy, Multiplayer, Roguelike, Simulation, Roguelite","Sci-fi, Story Rich, Atmospheric","Tactical, Combat, Real-Time","3D, Isometric",2024-03-14,59.99,14076.0,759973.0,1093.0,0.0,0.0,72748.0,0.0,995912.0,,False,134.0,7223.0,0.0,860.0
1840080,Homeworld 3,Gearbox Publishing,Blackbird Interactive,Simulation,Strategy,-,"RTS, Strategy, Multiplayer, Roguelike, Simulation, Roguelite","Sci-fi, Story Rich, Atmospheric","Tactical, Combat, Real-Time","3D, Isometric",2024-03-15,59.99,14107.0,761658.0,1288.0,0.0,0.0,72816.0,0.0,996838.0,,False,31.0,1685.0,0.0,926.0
1840080,Homeworld 3,Gearbox Publishing,Blackbird Interactive,Simulation,Strategy,-,"RTS, Strategy, Multiplayer, Roguelike, Simulation, Roguelite","Sci-fi, Story Rich, Atmospheric","Tactical, Combat, Real-Time","3D, Isometric",2024-03-16,59.99,14141.0,763475.0,1227.0,0.0,0.0,72872.0,0.0,997612.0,,False,34.0,1817.0,0.0,774.0
1840080,Homeworld 3,Gearbox Publishing,Blackbird Interactive,Simulation,Strategy,-,"RTS, Strategy, Multiplayer, Roguelike, Simulation, Roguelite","Sci-fi, Story Rich, Atmospheric","Tactical, Combat, Real-Time","3D, Isometric",2024-03-17,59.99,14174.0,765240.0,1257.0,0.0,0.0,72925.0,0.0,998329.0,,False,33.0,1765.0,0.0,717.0
1840080,Homeworld 3,Gearbox Publishing,Blackbird Interactive,Simulation,Strategy,-,"RTS, Strategy, Multiplayer, Roguelike, Simulation, Roguelite","Sci-fi, Story Rich, Atmospheric","Tactical, Combat, Real-Time","3D, Isometric",2024-03-18,59.99,14203.0,766827.0,1356.0,0.0,0.0,72970.0,0.0,998955.0,,False,29.0,1587.0,0.0,626.0
1840080,Homeworld 3,Gearbox Publishing,Blackbird Interactive,Simulation,Strategy,-,"RTS, Strategy, Multiplayer, Roguelike, Simulation, Roguelite","Sci-fi, Story Rich, Atmospheric","Tactical, Combat, Real-Time","3D, Isometric",2024-03-19,59.99,14241.0,768909.0,1102.0,0.0,0.0,73004.0,0.0,999411.0,,False,38.0,2082.0,0.0,456.0
1840080,Homeworld 3,Gearbox Publishing,Blackbird Interactive,Simulation,Strategy,-,"RTS, Strategy, Multiplayer, Roguelike, Simulation, Roguelite","Sci-fi, Story Rich, Atmospheric","Tactical, Combat, Real-Time","3D, Isometric",2024-03-20,59.99,14274.0,770666.0,1272.0,0.0,0.0,73040.0,0.0,999907.0,,False,33.0,1757.0,0.0,496.0
1840080,Homeworld 3,Gearbox Publishing,Blackbird Interactive,Simulation,Strategy,-,"RTS, Strategy, Multiplayer, Roguelike, Simulation, Roguelite","Sci-fi, Story Rich, Atmospheric","Tactical, Combat, Real-Time","3D, Isometric",2024-03-21,59.99,14305.0,772314.0,1286.0,0.0,0.0,73072.0,0.0,1000349.0,,False,31.0,1648.0,0.0,442.0
1840080,Homeworld 3,Gearbox Publishing,Blackbird Interactive,Simulation,Strategy,-,"RTS, Strategy, Multiplayer, Roguelike, Simulation, Roguelite","Sci-fi, Story Rich, Atmospheric","Tactical, Combat, Real-Time","3D, Isometric",2024-03-22,59.99,14366.0,775632.0,780.0,0.0,0.0,73107.0,0.0,1000823.0,,False,61.0,3318.0,0.0,474.0
1840080,Homeworld 3,Gearbox Publishing,Blackbird Interactive,Simulation,Strategy,-,"RTS, Strategy, Multiplayer, Roguelike, Simulation, Roguelite","Sci-fi, Story Rich, Atmospheric","Tactical, Combat, Real-Time","3D, Isometric",2024-03-23,59.99,14422.0,778658.0,764.0,0.0,0.0,73148.0,0.0,1001384.0,,False,56.0,3026.0,0.0,561.0
1840080,Homeworld 3,Gearbox Publishing,Blackbird Interactive,Simulation,Strategy,-,"RTS, Strategy, Multiplayer, Roguelike, Simulation, Roguelite","Sci-fi, Story Rich, Atmospheric","Tactical, Combat, Real-Time","3D, Isometric",2024-03-24,59.99,14474.0,781489.0,759.0,0.0,0.0,73187.0,0.0,1001922.0,,False,52.0,2831.0,0.0,538.0
1840080,Homeworld 3,Gearbox Publishing,Blackbird Interactive,Simulation,Strategy,-,"RTS, Strategy, Multiplayer, Roguelike, Simulation, Roguelite","Sci-fi, Story Rich, Atmospheric","Tactical, Combat, Real-Time","3D, Isometric",2024-03-25,59.99,14529.0,784410.0,730.0,0.0,0.0,73220.0,0.0,1002375.0,,False,55.0,2921.0,0.0,453.0
1840080,Homeworld 3,Gearbox Publishing,Blackbird Interactive,Simulation,Strategy,-,"RTS, Strategy, Multiplayer, Roguelike, Simulation, Roguelite","Sci-fi, Story Rich, Atmospheric","Tactical, Combat, Real-Time","3D, Isometric",2024-03-26,59.99,14579.0,787122.0,774.0,0.0,0.0,73248.0,0.0,1002763.0,,False,50.0,2712.0,0.0,388.0
1840080,Homeworld 3,Gearbox Publishing,Blackbird Interactive,Simulation,Strategy,-,"RTS, Strategy, Multiplayer, Roguelike, Simulation, Roguelite","Sci-fi, Story Rich, Atmospheric","Tactical, Combat, Real-Time","3D, Isometric",2024-03-27,59.99,14641.0,790492.0,673.0,0.0,0.0,73277.0,0.0,1003150.0,,False,62.0,3370.0,0.0,387.0
1840080,Homeworld 3,Gearbox Publishing,Blackbird Interactive,Simulation,Strategy,-,"RTS, Strategy, Multiplayer, Roguelike, Simulation, Roguelite","Sci-fi, Story Rich, Atmospheric","Tactical, Combat, Real-Time","3D, Isometric",2024-03-28,59.99,14707.0,794022.0,638.0,0.0,0.0,73305.0,0.0,1003536.0,,False,66.0,3530.0,0.0,386.0
1840080,Homeworld 3,Gearbox Publishing,Blackbird Interactive,Simulation,Strategy,-,"RTS, Strategy, Multiplayer, Roguelike, Simulation, Roguelite","Sci-fi, Story Rich, Atmospheric","Tactical, Combat, Real-Time","3D, Isometric",2024-03-29,59.99,14759.0,796865.0,777.0,0.0,0.0,73354.0,0.0,1004203.0,,False,52.0,2843.0,0.0,667.0
1840080,Homeworld 3,Gearbox Publishing,Blackbird Interactive,Simulation,Strategy,-,"RTS, Strategy, Multiplayer, Roguelike, Simulation, Roguelite","Sci-fi, Story Rich, Atmospheric","Tactical, Combat, Real-Time","3D, Isometric",2024-03-30,59.99,14797.0,798915.0,756.0,0.0,0.0,73403.0,0.0,1004880.0,,False,38.0,2050.0,0.0,677.0
1840080,Homeworld 3,Gearbox Publishing,Blackbird Interactive,Simulation,Strategy,-,"RTS, Strategy, Multiplayer, Roguelike, Simulation, Roguelite","Sci-fi, Story Rich, Atmospheric","Tactical, Combat, Real-Time","3D, Isometric",2024-03-31,59.99,14831.0,800747.0,651.0,0.0,0.0,73450.0,0.0,1005515.0,,False,34.0,1832.0,0.0,635.0
1840080,Homeworld 3,Gearbox Publishing,Blackbird Interactive,Simulation,Strategy,-,"RTS, Strategy, Multiplayer, Roguelike, Simulation, Roguelite","Sci-fi, Story Rich, Atmospheric","Tactical, Combat, Real-Time","3D, Isometric",2024-04-01,59.99,14886.0,803723.0,635.0,0.0,0.0,73495.0,0.0,1006135.0,,False,55.0,2976.0,0.0,620.0
1840080,Homeworld 3,Gearbox Publishing,Blackbird Interactive,Simulation,Strategy,-,"RTS, Strategy, Multiplayer, Roguelike, Simulation, Roguelite","Sci-fi, Story Rich, Atmospheric","Tactical, Combat, Real-Time","3D, Isometric",2024-04-02,59.99,14957.0,807532.0,595.0,0.0,0.0,73542.0,0.0,1006779.0,,False,71.0,3809.0,0.0,644.0
1840080,Homeworld 3,Gearbox Publishing,Blackbird Interactive,Simulation,Strategy,-,"RTS, Strategy, Multiplayer, Roguelike, Simulation, Roguelite","Sci-fi, Story Rich, Atmospheric","Tactical, Combat, Real-Time","3D, Isometric",2024-04-03,59.99,15027.0,811330.0,615.0,0.0,0.0,73590.0,0.0,1007437.0,,False,70.0,3798.0,0.0,658.0
1840080,Homeworld 3,Gearbox Publishing,Blackbird Interactive,Simulation,Strategy,-,"RTS, Strategy, Multiplayer, Roguelike, Simulation, Roguelite","Sci-fi, Story Rich, Atmospheric","Tactical, Combat, Real-Time","3D, Isometric",2024-04-04,59.99,15092.0,814820.0,631.0,0.0,0.0,73643.0,0.0,1008158.0,,False,65.0,3490.0,0.0,721.0
1840080,Homeworld 3,Gearbox Publishing,Blackbird Interactive,Simulation,Strategy,-,"RTS, Strategy, Multiplayer, Roguelike, Simulation, Roguelite","Sci-fi, Story Rich, Atmospheric","Tactical, Combat, Real-Time","3D, Isometric",2024-04-05,59.99,15205.0,820952.0,770.0,0.0,0.0,73690.0,0.0,1008810.0,,False,113.0,6132.0,0.0,652.0
1840080,Homeworld 3,Gearbox Publishing,Blackbird Interactive,Simulation,Strategy,-,"RTS, Strategy, Multiplayer, Roguelike, Simulation, Roguelite","Sci-fi, Story Rich, Atmospheric","Tactical, Combat, Real-Time","3D, Isometric",2024-04-06,59.99,15278.0,824853.0,624.0,0.0,0.0,73732.0,0.0,1009385.0,,False,73.0,3901.0,0.0,575.0
1840080,Homeworld 3,Gearbox Publishing,Blackbird Interactive,Simulation,Strategy,-,"RTS, Strategy, Multiplayer, Roguelike, Simulation, Roguelite","Sci-fi, Story Rich, Atmospheric","Tactical, Combat, Real-Time","3D, Isometric",2024-04-07,59.99,15336.0,827980.0,704.0,0.0,0.0,73770.0,0.0,1009906.0,,False,58.0,3127.0,0.0,521.0
1840080,Homeworld 3,Gearbox Publishing,Blackbird Interactive,Simulation,Strategy,-,"RTS, Strategy, Multiplayer, Roguelike, Simulation, Roguelite","Sci-fi, Story Rich, Atmospheric","Tactical, Combat, Real-Time","3D, Isometric",2024-04-08,59.99,15406.0,831783.0,611.0,0.0,0.0,73807.0,0.0,1010408.0,,False,70.0,3803.0,0.0,502.0
1840080,Homeworld 3,Gearbox Publishing,Blackbird Interactive,Simulation,Strategy,-,"RTS, Strategy, Multiplayer, Roguelike, Simulation, Roguelite","Sci-fi, Story Rich, Atmospheric","Tactical, Combat, Real-Time","3D, Isometric",2024-04-09,59.99,15485.0,836046.0,554.0,0.0,0.0,73842.0,0.0,1010893.0,,False,79.0,4263.0,0.0,485.0
1840080,Homeworld 3,Gearbox Publishing,Blackbird Interactive,Simulation,Strategy,-,"RTS, Strategy, Multiplayer, Roguelike, Simulation, Roguelite","Sci-fi, Story Rich, Atmospheric","Tactical, Combat, Real-Time","3D, Isometric",2024-04-10,59.99,15528.0,838380.0,554.0,0.0,0.0,73879.0,0.0,1011397.0,,False,43.0,2334.0,0.0,504.0
1840080,Homeworld 3,Gearbox Publishing,Blackbird Interactive,Simulation,Strategy,-,"RTS, Strategy, Multiplayer, Roguelike, Simulation, Roguelite","Sci-fi, Story Rich, Atmospheric","Tactical, Combat, Real-Time","3D, Isometric",2024-04-11,59.99,15556.0,839869.0,546.0,0.0,0.0,73917.0,0.0,1011913.0,,False,28.0,1489.0,0.0,516.0
1840080,Homeworld 3,Gearbox Publishing,Blackbird Interactive,Simulation,Strategy,-,"RTS, Strategy, Multiplayer, Roguelike, Simulation, Roguelite","Sci-fi, Story Rich, Atmospheric","Tactical, Combat, Real-Time","3D, Isometric",2024-04-12,59.99,15583.0,841357.0,538.0,0.0,0.0,73955.0,0.0,1012428.0,,False,27.0,1488.0,0.0,515.0
1840080,Homeworld 3,Gearbox Publishing,Blackbird Interactive,Simulation,Strategy,-,"RTS, Strategy, Multiplayer, Roguelike, Simulation, Roguelite","Sci-fi, Story Rich, Atmospheric","Tactical, Combat, Real-Time","3D, Isometric",2024-04-13,59.99,15642.0,844508.0,584.0,0.0,0.0,73998.0,0.0,1013028.0,,False,59.0,3151.0,0.0,600.0
1840080,Homeworld 3,Gearbox Publishing,Blackbird Interactive,Simulation,Strategy,-,"RTS, Strategy, Multiplayer, Roguelike, Simulation, Roguelite","Sci-fi, Story Rich, Atmospheric","Tactical, Combat, Real-Time","3D, Isometric",2024-04-14,59.99,15714.0,848388.0,579.0,0.0,0.0,74047.0,0.0,1013694.0,,False,72.0,3880.0,0.0,666.0
1840080,Homeworld 3,Gearbox Publishing,Blackbird Interactive,Simulation,Strategy,-,"RTS, Strategy, Multiplayer, Roguelike, Simulation, Roguelite","Sci-fi, Story Rich, Atmospheric","Tactical, Combat, Real-Time","3D, Isometric",2024-04-15,59.99,15789.0,852436.0,571.0,0.0,0.0,74098.0,0.0,1014387.0,,False,75.0,4048.0,0.0,693.0
1840080,Homeworld 3,Gearbox Publishing,Blackbird Interactive,Simulation,Strategy,-,"RTS, Strategy, Multiplayer, Roguelike, Simulation, Roguelite","Sci-fi, Story Rich, Atmospheric","Tactical, Combat, Real-Time","3D, Isometric",2024-04-16,59.99,15870.0,856834.0,550.0,0.0,0.0,74141.0,0.0,1014987.0,,False,81.0,4398.0,0.0,600.0
1840080,Homeworld 3,Gearbox Publishing,Blackbird Interactive,Simulation,Strategy,-,"RTS, Strategy, Multiplayer, Roguelike, Simulation, Roguelite","Sci-fi, Story Rich, Atmospheric","Tactical, Combat, Real-Time","3D, Isometric",2024-04-17,59.99,15984.0,862965.0,458.0,0.0,0.0,74186.0,0.0,1015600.0,,False,114.0,6131.0,0.0,613.0
1840080,Homeworld 3,Gearbox Publishing,Blackbird Interactive,Simulation,Strategy,-,"RTS, Strategy, Multiplayer, Roguelike, Simulation, Roguelite","Sci-fi, Story Rich, Atmospheric","Tactical, Combat, Real-Time","3D, Isometric",2024-04-18,59.99,16109.0,869757.0,414.0,0.0,0.0,74240.0,0.0,1016334.0,,False,125.0,6792.0,0.0,734.0
1840080,Homeworld 3,Gearbox Publishing,Blackbird Interactive,Simulation,Strategy,-,"RTS, Strategy, Multiplayer, Roguelike, Simulation, Roguelite","Sci-fi, Story Rich, Atmospheric","Tactical, Combat, Real-Time","3D, Isometric",2024-04-19,59.99,16244.0,877027.0,408.0,0.0,0.0,74300.0,0.0,1017164.0,,False,135.0,7270.0,0.0,830.0
1840080,Homeworld 3,Gearbox Publishing,Blackbird Interactive,Simulation,Strategy,-,"RTS, Strategy, Multiplayer, Roguelike, Simulation, Roguelite","Sci-fi, Story Rich, Atmospheric","Tactical, Combat, Real-Time","3D, Isometric",2024-04-20,59.99,16507.0,891248.0,434.0,0.0,0.0,74367.0,0.0,1018071.0,,False,263.0,14221.0,0.0,907.0
1840080,Homeworld 3,Gearbox Publishing,Blackbird Interactive,Simulation,Strategy,-,"RTS, Strategy, Multiplayer, Roguelike, Simulation, Roguelite","Sci-fi, Story Rich, Atmospheric","Tactical, Combat, Real-Time","3D, Isometric",2024-04-21,59.99,16627.0,897682.0,435.0,0.0,0.0,74428.0,0.0,1018913.0,,False,120.0,6434.0,0.0,842.0
1840080,Homeworld 3,Gearbox Publishing,Blackbird Interactive,Simulation,Strategy,-,"RTS, Strategy, Multiplayer, Roguelike, Simulation, Roguelite","Sci-fi, Story Rich, Atmospheric","Tactical, Combat, Real-Time","3D, Isometric",2024-04-22,59.99,16758.0,904805.0,410.0,0.0,0.0,74492.0,0.0,1019791.0,,False,131.0,7123.0,0.0,878.0
1840080,Homeworld 3,Gearbox Publishing,Blackbird Interactive,Simulation,Strategy,-,"RTS, Strategy, Multiplayer, Roguelike, Simulation, Roguelite","Sci-fi, Story Rich, Atmospheric","Tactical, Combat, Real-Time","3D, Isometric",2024-04-23,59.99,16896.0,912208.0,402.0,0.0,0.0,74572.0,0.0,1020877.0,,False,138.0,7403.0,0.0,1086.0
1840080,Homeworld 3,Gearbox Publishing,Blackbird Interactive,Simulation,Strategy,-,"RTS, Strategy, Multiplayer, Roguelike, Simulation, Roguelite","Sci-fi, Story Rich, Atmospheric","Tactical, Combat, Real-Time","3D, Isometric",2024-04-24,59.99,17296.0,933809.0,298.0,0.0,0.0,74661.0,0.0,1022103.0,,False,400.0,21601.0,0.0,1226.0
1840080,Homeworld 3,Gearbox Publishing,Blackbird Interactive,Simulation,Strategy,-,"RTS, Strategy, Multiplayer, Roguelike, Simulation, Roguelite","Sci-fi, Story Rich, Atmospheric","Tactical, Combat, Real-Time","3D, Isometric",2024-04-25,59.99,17530.0,946441.0,266.0,0.0,0.0,74753.0,0.0,1023364.0,,False,234.0,12632.0,0.0,1261.0
1840080,Homeworld 3,Gearbox Publishing,Blackbird Interactive,Simulation,Strategy,-,"RTS, Strategy, Multiplayer, Roguelike, Simulation, Roguelite","Sci-fi, Story Rich, Atmospheric","Tactical, Combat, Real-Time","3D, Isometric",2024-04-26,59.99,17807.0,961432.0,238.0,0.0,0.0,74846.0,0.0,1024628.0,,False,277.0,14991.0,0.0,1264.0
1840080,Homeworld 3,Gearbox Publishing,Blackbird Interactive,Simulation,Strategy,-,"RTS, Strategy, Multiplayer, Roguelike, Simulation, Roguelite","Sci-fi, Story Rich, Atmospheric","Tactical, Combat, Real-Time","3D, Isometric",2024-04-27,59.99,18067.0,975432.0,245.0,0.0,0.0,74937.0,0.0,1025882.0,,False,260.0,14000.0,0.0,1254.0
1840080,Homeworld 3,Gearbox Publishing,Blackbird Interactive,Simulation,Strategy,-,"RTS, Strategy, Multiplayer, Roguelike, Simulation, Roguelite","Sci-fi, Story Rich, Atmospheric","Tactical, Combat, Real-Time","3D, Isometric",2024-04-28,59.99,18387.0,992724.0,217.0,0.0,0.0,75042.0,0.0,1027322.0,,False,320.0,17292.0,0.0,1440.0
1840080,Homeworld 3,Gearbox Publishing,Blackbird Interactive,Simulation,Strategy,-,"RTS, Strategy, Multiplayer, Roguelike, Simulation, Roguelite","Sci-fi, Story Rich, Atmospheric","Tactical, Combat, Real-Time","3D, Isometric",2024-04-29,59.99,18741.0,1011819.0,204.0,0.0,0.0,75161.0,0.0,1028942.0,,False,354.0,19095.0,0.0,1620.0
1840080,Homeworld 3,Gearbox Publishing,Blackbird Interactive,Simulation,Strategy,-,"RTS, Strategy, Multiplayer, Roguelike, Simulation, Roguelite","Sci-fi, Story Rich, Atmospheric","Tactical, Combat, Real-Time","3D, Isometric",2024-04-30,59.99,19473.0,1051377.0,197.0,0.0,0.0,75287.0,0.0,1030670.0,,False,732.0,39558.0,0.0,1728.0
1840080,Homeworld 3,Gearbox Publishing,Blackbird Interactive,Simulation,Strategy,-,"RTS, Strategy, Multiplayer, Roguelike, Simulation, Roguelite","Sci-fi, Story Rich, Atmospheric","Tactical, Combat, Real-Time","3D, Isometric",2024-05-01,59.99,20394.0,1101116.0,169.0,0.0,0.0,75447.0,0.0,1032859.0,,False,921.0,49739.0,0.0,2189.0
1840080,Homeworld 3,Gearbox Publishing,Blackbird Interactive,Simulation,Strategy,-,"RTS, Strategy, Multiplayer, Roguelike, Simulation, Roguelite","Sci-fi, Story Rich, Atmospheric","Tactical, Combat, Real-Time","3D, Isometric",2024-05-02,59.99,20895.0,1128115.0,153.0,0.0,0.0,75606.0,0.0,1035031.0,,False,501.0,26999.0,0.0,2172.0
1840080,Homeworld 3,Gearbox Publishing,Blackbird Interactive,Simulation,Strategy,-,"RTS, Strategy, Multiplayer, Roguelike, Simulation, Roguelite","Sci-fi, Story Rich, Atmospheric","Tactical, Combat, Real-Time","3D, Isometric",2024-05-03,59.99,21444.0,1157778.0,130.0,0.0,0.0,75795.0,0.0,1037621.0,,False,549.0,29663.0,0.0,2590.0
1840080,Homeworld 3,Gearbox Publishing,Blackbird Interactive,Simulation,Strategy,-,"RTS, Strategy, Multiplayer, Roguelike, Simulation, Roguelite","Sci-fi, Story Rich, Atmospheric","Tactical, Combat, Real-Time","3D, Isometric",2024-05-04,59.99,22028.0,1189324.0,111.0,0.0,0.0,76023.0,0.0,1040748.0,,False,584.0,31546.0,0.0,3127.0
1840080,Homeworld 3,Gearbox Publishing,Blackbird Interactive,Simulation,Strategy,-,"RTS, Strategy, Multiplayer, Roguelike, Simulation, Roguelite","Sci-fi, Story Rich, Atmospheric","Tactical, Combat, Real-Time","3D, Isometric",2024-05-05,59.99,22529.0,1216387.0,83.0,0.0,0.0,76281.0,0.0,1044279.0,,False,501.0,27063.0,0.0,3531.0
1840080,Homeworld 3,Gearbox Publishing,Blackbird Interactive,Simulation,Strategy,-,"RTS, Strategy, Multiplayer, Roguelike, Simulation, Roguelite","Sci-fi, Story Rich, Atmospheric","Tactical, Combat, Real-Time","3D, Isometric",2024-05-06,59.99,22997.0,1241649.0,52.0,0.0,0.0,76546.0,0.0,1047906.0,,False,468.0,25262.0,0.0,3627.0
1840080,Homeworld 3,Gearbox Publishing,Blackbird Interactive,Simulation,Strategy,-,"RTS, Strategy, Multiplayer, Roguelike, Simulation, Roguelite","Sci-fi, Story Rich, Atmospheric","Tactical, Combat, Real-Time","3D, Isometric",2024-05-07,59.99,23422.0,1264601.0,41.0,0.0,0.0,76913.0,0.0,1052923.0,,False,425.0,22952.0,0.0,5017.0
1840080,Homeworld 3,Gearbox Publishing,Blackbird Interactive,Simulation,Strategy,-,"RTS, Strategy, Multiplayer, Roguelike, Simulation, Roguelite","Sci-fi, Story Rich, Atmospheric","Tactical, Combat, Real-Time","3D, Isometric",2024-05-08,59.99,23831.0,1286657.0,38.0,0.0,0.0,77318.0,0.0,1058480.0,,False,409.0,22056.0,0.0,5557.0
1840080,Homeworld 3,Gearbox Publishing,Blackbird Interactive,Simulation,Strategy,-,"RTS, Strategy, Multiplayer, Roguelike, Simulation, Roguelite","Sci-fi, Story Rich, Atmospheric","Tactical, Combat, Real-Time","3D, Isometric",2024-05-09,59.99,24240.0,1308714.0,35.0,0.0,0.0,77724.0,0.0,1064036.0,,False,409.0,22057.0,0.0,5556.0
1840080,Homeworld 3,Gearbox Publishing,Blackbird Interactive,Simulation,Strategy,-,"RTS, Strategy, Multiplayer, Roguelike, Simulation, Roguelite","Sci-fi, Story Rich, Atmospheric","Tactical, Combat, Real-Time","3D, Isometric",2024-05-10,59.99,29686.0,1602791.0,15.0,0.0,0.0,79544.0,0.0,1088945.0,,False,5446.0,294077.0,0.0,24909.0
1840080,Homeworld 3,Gearbox Publishing,Blackbird Interactive,Simulation,Strategy,-,"RTS, Strategy, Multiplayer, Roguelike, Simulation, Roguelite","Sci-fi, Story Rich, Atmospheric","Tactical, Combat, Real-Time","3D, Isometric",2024-05-11,59.99,37112.0,2003716.0,8.0,0.0,0.0,84154.0,0.0,1152059.0,,False,7426.0,400925.0,0.0,63114.0
1840080,Homeworld 3,Gearbox Publishing,Blackbird Interactive,Simulation,Strategy,-,"RTS, Strategy, Multiplayer, Roguelike, Simulation, Roguelite","Sci-fi, Story Rich, Atmospheric","Tactical, Combat, Real-Time","3D, Isometric",2024-05-12,59.99,54915.0,2964936.0,7.0,0.0,0.0,86958.0,0.0,1190438.0,,False,17803.0,961220.0,0.0,38379.0
1840080,Homeworld 3,Gearbox Publishing,Blackbird Interactive,Simulation,Strategy,-,"RTS, Strategy, Multiplayer, Roguelike, Simulation, Roguelite","Sci-fi, Story Rich, Atmospheric","Tactical, Combat, Real-Time","3D, Isometric",2024-05-13,59.99,66452.0,3587816.0,6.0,0.0,548.0,88747.0,0.0,1077790.0,,False,11537.0,622880.0,548.0,-112648.0
1840080,Homeworld 3,Gearbox Publishing,Blackbird Interactive,Simulation,Strategy,-,"RTS, Strategy, Multiplayer, Roguelike, Simulation, Roguelite","Sci-fi, Story Rich, Atmospheric","Tactical, Combat, Real-Time","3D, Isometric",2024-05-14,59.99,86843.0,4688720.0,17.0,3708.0,1354.0,90023.0,1.0,960269.0,50.0,False,20391.0,1100904.0,806.0,-117521.0
1840080,Homeworld 3,Gearbox Publishing,Blackbird Interactive,Simulation,Strategy,-,"RTS, Strategy, Multiplayer, Roguelike, Simulation, Roguelite","Sci-fi, Story Rich, Atmospheric","Tactical, Combat, Real-Time","3D, Isometric",2024-05-15,59.99,88127.0,4758082.0,36.0,2741.0,1884.0,90699.0,2.0,897943.0,47.0,False,1284.0,69362.0,530.0,-62326.0
1840080,Homeworld 3,Gearbox Publishing,Blackbird Interactive,Simulation,Strategy,-,"RTS, Strategy, Multiplayer, Roguelike, Simulation, Roguelite","Sci-fi, Story Rich, Atmospheric","Tactical, Combat, Real-Time","3D, Isometric",2024-05-16,59.99,88918.0,4800754.0,53.0,2334.0,2231.0,91092.0,2.0,861761.0,45.0,False,791.0,42672.0,347.0,-36182.0
1840080,Homeworld 3,Gearbox Publishing,Blackbird Interactive,Simulation,Strategy,-,"RTS, Strategy, Multiplayer, Roguelike, Simulation, Roguelite","Sci-fi, Story Rich, Atmospheric","Tactical, Combat, Real-Time","3D, Isometric",2024-05-17,59.99,89609.0,4838086.0,59.0,2418.0,2502.0,91421.0,3.0,831408.0,44.0,False,691.0,37332.0,271.0,-30353.0
1840080,Homeworld 3,Gearbox Publishing,Blackbird Interactive,Simulation,Strategy,-,"RTS, Strategy, Multiplayer, Roguelike, Simulation, Roguelite","Sci-fi, Story Rich, Atmospheric","Tactical, Combat, Real-Time","3D, Isometric",2024-05-18,59.99,90283.0,4874465.0,72.0,2210.0,2732.0,91752.0,4.0,800960.0,43.0,False,674.0,36379.0,230.0,-30448.0
1840080,Homeworld 3,Gearbox Publishing,Blackbird Interactive,Simulation,Strategy,-,"RTS, Strategy, Multiplayer, Roguelike, Simulation, Roguelite","Sci-fi, Story Rich, Atmospheric","Tactical, Combat, Real-Time","3D, Isometric",2024-05-19,59.99,90916.0,4908666.0,87.0,1554.0,2947.0,92050.0,4.0,773471.0,42.0,False,633.0,34201.0,215.0,-27489.0
1840080,Homeworld 3,Gearbox Publishing,Blackbird Interactive,Simulation,Strategy,-,"RTS, Strategy, Multiplayer, Roguelike, Simulation, Roguelite","Sci-fi, Story Rich, Atmospheric","Tactical, Combat, Real-Time","3D, Isometric",2024-05-20,59.99,91486.0,4939441.0,118.0,1073.0,3099.0,92281.0,4.0,752188.0,42.0,False,570.0,30775.0,152.0,-21283.0
1840080,Homeworld 3,Gearbox Publishing,Blackbird Interactive,Simulation,Strategy,-,"RTS, Strategy, Multiplayer, Roguelike, Simulation, Roguelite","Sci-fi, Story Rich, Atmospheric","Tactical, Combat, Real-Time","3D, Isometric",2024-05-21,59.99,92017.0,4968064.0,141.0,868.0,3200.0,92440.0,5.0,737502.0,42.0,False,531.0,28623.0,101.0,-14686.0
1840080,Homeworld 3,Gearbox Publishing,Blackbird Interactive,Simulation,Strategy,-,"RTS, Strategy, Multiplayer, Roguelike, Simulation, Roguelite","Sci-fi, Story Rich, Atmospheric","Tactical, Combat, Real-Time","3D, Isometric",2024-05-22,59.99,92482.0,4993193.0,157.0,751.0,3292.0,92553.0,5.0,727149.0,41.0,False,465.0,25129.0,92.0,-10353.0
1840080,Homeworld 3,Gearbox Publishing,Blackbird Interactive,Simulation,Strategy,-,"RTS, Strategy, Multiplayer, Roguelike, Simulation, Roguelite","Sci-fi, Story Rich, Atmospheric","Tactical, Combat, Real-Time","3D, Isometric",2024-05-23,59.99,92861.0,5013646.0,189.0,747.0,3386.0,92643.0,5.0,718867.0,41.0,False,379.0,20453.0,94.0,-8282.0
1840080,Homeworld 3,Gearbox Publishing,Blackbird Interactive,Simulation,Strategy,-,"RTS, Strategy, Multiplayer, Roguelike, Simulation, Roguelite","Sci-fi, Story Rich, Atmospheric","Tactical, Combat, Real-Time","3D, Isometric",2024-05-24,59.99,93324.0,5038661.0,174.0,889.0,3460.0,92729.0,5.0,710935.0,41.0,False,463.0,25015.0,74.0,-7932.0
1840080,Homeworld 3,Gearbox Publishing,Blackbird Interactive,Simulation,Strategy,-,"RTS, Strategy, Multiplayer, Roguelike, Simulation, Roguelite","Sci-fi, Story Rich, Atmospheric","Tactical, Combat, Real-Time","3D, Isometric",2024-05-25,59.99,93745.0,5061372.0,177.0,888.0,3532.0,92822.0,5.0,702382.0,41.0,False,421.0,22711.0,72.0,-8553.0
1840080,Homeworld 3,Gearbox Publishing,Blackbird Interactive,Simulation,Strategy,-,"RTS, Strategy, Multiplayer, Roguelike, Simulation, Roguelite","Sci-fi, Story Rich, Atmospheric","Tactical, Combat, Real-Time","3D, Isometric",2024-05-26,59.99,94120.0,5081654.0,200.0,718.0,3595.0,92908.0,6.0,694416.0,41.0,False,375.0,20282.0,63.0,-7966.0
1840080,Homeworld 3,Gearbox Publishing,Blackbird Interactive,Simulation,Strategy,-,"RTS, Strategy, Multiplayer, Roguelike, Simulation, Roguelite","Sci-fi, Story Rich, Atmospheric","Tactical, Combat, Real-Time","3D, Isometric",2024-05-27,59.99,94386.0,5096005.0,259.0,526.0,3648.0,92993.0,6.0,686567.0,41.0,False,266.0,14351.0,53.0,-7849.0
1840080,Homeworld 3,Gearbox Publishing,Blackbird Interactive,Simulation,Strategy,-,"RTS, Strategy, Multiplayer, Roguelike, Simulation, Roguelite","Sci-fi, Story Rich, Atmospheric","Tactical, Combat, Real-Time","3D, Isometric",2024-05-28,59.99,94595.0,5107260.0,281.0,458.0,3682.0,93047.0,6.0,681646.0,41.0,False,209.0,11255.0,34.0,-4921.0
1840080,Homeworld 3,Gearbox Publishing,Blackbird Interactive,Simulation,Strategy,-,"RTS, Strategy, Multiplayer, Roguelike, Simulation, Roguelite","Sci-fi, Story Rich, Atmospheric","Tactical, Combat, Real-Time","3D, Isometric",2024-05-29,59.99,94804.0,5118584.0,291.0,430.0,3707.0,93091.0,6.0,677597.0,41.0,False,209.0,11324.0,25.0,-4049.0
1840080,Homeworld 3,Gearbox Publishing,Blackbird Interactive,Simulation,Strategy,-,"RTS, Strategy, Multiplayer, Roguelike, Simulation, Roguelite","Sci-fi, Story Rich, Atmospheric","Tactical, Combat, Real-Time","3D, Isometric",2024-05-30,59.99,95042.0,5131417.0,283.0,437.0,3731.0,93134.0,6.0,673607.0,41.0,False,238.0,12833.0,24.0,-3990.0
1840080,Homeworld 3,Gearbox Publishing,Blackbird Interactive,Simulation,Strategy,-,"RTS, Strategy, Multiplayer, Roguelike, Simulation, Roguelite","Sci-fi, Story Rich, Atmospheric","Tactical, Combat, Real-Time","3D, Isometric",2024-05-31,59.99,95302.0,5145426.0,246.0,516.0,3766.0,93174.0,6.0,669880.0,40.0,False,260.0,14009.0,35.0,-3727.0
1840080,Homeworld 3,Gearbox Publishing,Blackbird Interactive,Simulation,Strategy,-,"RTS, Strategy, Multiplayer, Roguelike, Simulation, Roguelite","Sci-fi, Story Rich, Atmospheric","Tactical, Combat, Real-Time","3D, Isometric",2024-06-01,59.99,95566.0,5159686.0,253.0,545.0,3806.0,93215.0,6.0,666130.0,40.0,False,264.0,14260.0,40.0,-3750.0
1840080,Homeworld 3,Gearbox Publishing,Blackbird Interactive,Simulation,Strategy,-,"RTS, Strategy, Multiplayer, Roguelike, Simulation, Roguelite","Sci-fi, Story Rich, Atmospheric","Tactical, Combat, Real-Time","3D, Isometric",2024-06-02,59.99,95758.0,5170054.0,313.0,403.0,3846.0,93254.0,6.0,662583.0,40.0,False,192.0,10368.0,40.0,-3547.0
1840080,Homeworld 3,Gearbox Publishing,Blackbird Interactive,Simulation,Strategy,-,"RTS, Strategy, Multiplayer, Roguelike, Simulation, Roguelite","Sci-fi, Story Rich, Atmospheric","Tactical, Combat, Real-Time","3D, Isometric",2024-06-03,59.99,95951.0,5180468.0,332.0,309.0,3877.0,93289.0,7.0,659316.0,40.0,False,193.0,10414.0,31.0,-3267.0
1840080,Homeworld 3,Gearbox Publishing,Blackbird Interactive,Simulation,Strategy,-,"RTS, Strategy, Multiplayer, Roguelike, Simulation, Roguelite","Sci-fi, Story Rich, Atmospheric","Tactical, Combat, Real-Time","3D, Isometric",2024-06-04,59.99,96158.0,5191660.0,309.0,268.0,3895.0,93330.0,7.0,655577.0,40.0,False,207.0,11192.0,18.0,-3739.0
1840080,Homeworld 3,Gearbox Publishing,Blackbird Interactive,Simulation,Strategy,-,"RTS, Strategy, Multiplayer, Roguelike, Simulation, Roguelite","Sci-fi, Story Rich, Atmospheric","Tactical, Combat, Real-Time","3D, Isometric",2024-06-05,59.99,96348.0,5201946.0,326.0,244.0,3903.0,93364.0,7.0,652426.0,40.0,False,190.0,10286.0,8.0,-3151.0
1840080,Homeworld 3,Gearbox Publishing,Blackbird Interactive,Simulation,Strategy,-,"RTS, Strategy, Multiplayer, Roguelike, Simulation, Roguelite","Sci-fi, Story Rich, Atmospheric","Tactical, Combat, Real-Time","3D, Isometric",2024-06-06,59.99,96582.0,5214557.0,271.0,260.0,3914.0,93389.0,7.0,650110.0,40.0,False,234.0,12611.0,11.0,-2316.0
1840080,Homeworld 3,Gearbox Publishing,Blackbird Interactive,Simulation,Strategy,-,"RTS, Strategy, Multiplayer, Roguelike, Simulation, Roguelite","Sci-fi, Story Rich, Atmospheric","Tactical, Combat, Real-Time","3D, Isometric",2024-06-07,59.99,96812.0,5226997.0,273.0,329.0,3933.0,93416.0,7.0,647651.0,40.0,False,230.0,12440.0,19.0,-2459.0
1840080,Homeworld 3,Gearbox Publishing,Blackbird Interactive,Simulation,Strategy,-,"RTS, Strategy, Multiplayer, Roguelike, Simulation, Roguelite","Sci-fi, Story Rich, Atmospheric","Tactical, Combat, Real-Time","3D, Isometric",2024-06-08,59.99,96967.0,5235362.0,348.0,337.0,3955.0,93452.0,7.0,644274.0,40.0,False,155.0,8365.0,22.0,-3377.0
1840080,Homeworld 3,Gearbox Publishing,Blackbird Interactive,Simulation,Strategy,-,"RTS, Strategy, Multiplayer, Roguelike, Simulation, Roguelite","Sci-fi, Story Rich, Atmospheric","Tactical, Combat, Real-Time","3D, Isometric",2024-06-09,59.99,97109.0,5242995.0,406.0,285.0,3982.0,93485.0,7.0,641225.0,40.0,False,142.0,7633.0,27.0,-3049.0
1840080,Homeworld 3,Gearbox Publishing,Blackbird Interactive,Simulation,Strategy,-,"RTS, Strategy, Multiplayer, Roguelike, Simulation, Roguelite","Sci-fi, Story Rich, Atmospheric","Tactical, Combat, Real-Time","3D, Isometric",2024-06-10,59.99,97243.0,5250228.0,417.0,272.0,4006.0,93506.0,7.0,639365.0,40.0,False,134.0,7233.0,24.0,-1860.0
1840080,Homeworld 3,Gearbox Publishing,Blackbird Interactive,Simulation,Strategy,-,"RTS, Strategy, Multiplayer, Roguelike, Simulation, Roguelite","Sci-fi, Story Rich, Atmospheric","Tactical, Combat, Real-Time","3D, Isometric",2024-06-11,59.99,97349.0,5255990.0,446.0,254.0,4023.0,93522.0,7.0,637893.0,40.0,False,106.0,5762.0,17.0,-1472.0
1840080,Homeworld 3,Gearbox Publishing,Blackbird Interactive,Simulation,Strategy,-,"RTS, Strategy, Multiplayer, Roguelike, Simulation, Roguelite","Sci-fi, Story Rich, Atmospheric","Tactical, Combat, Real-Time","3D, Isometric",2024-06-12,59.99,97417.0,5259639.0,645.0,218.0,4036.0,93530.0,7.0,637157.0,39.0,False,68.0,3649.0,13.0,-736.0
1840080,Homeworld 3,Gearbox Publishing,Blackbird Interactive,Simulation,Strategy,-,"RTS, Strategy, Multiplayer, Roguelike, Simulation, Roguelite","Sci-fi, Story Rich, Atmospheric","Tactical, Combat, Real-Time","3D, Isometric",2024-06-13,59.99,97483.0,5263220.0,660.0,208.0,4052.0,93530.0,7.0,637087.0,37.0,False,66.0,3581.0,16.0,-70.0
1840080,Homeworld 3,Gearbox Publishing,Blackbird Interactive,Simulation,Strategy,-,"RTS, Strategy, Multiplayer, Roguelike, Simulation, Roguelite","Sci-fi, Story Rich, Atmospheric","Tactical, Combat, Real-Time","3D, Isometric",2024-06-14,59.99,97565.0,5267643.0,554.0,256.0,4070.0,93534.0,7.0,636773.0,37.0,False,82.0,4423.0,18.0,-314.0
1840080,Homeworld 3,Gearbox Publishing,Blackbird Interactive,Simulation,Strategy,-,"RTS, Strategy, Multiplayer, Roguelike, Simulation, Roguelite","Sci-fi, Story Rich, Atmospheric","Tactical, Combat, Real-Time","3D, Isometric",2024-06-15,59.99,97652.0,5272302.0,514.0,281.0,4082.0,93550.0,7.0,635287.0,36.0,False,87.0,4659.0,12.0,-1486.0
1840080,Homeworld 3,Gearbox Publishing,Blackbird Interactive,Simulation,Strategy,-,"RTS, Strategy, Multiplayer, Roguelike, Simulation, Roguelite","Sci-fi, Story Rich, Atmospheric","Tactical, Combat, Real-Time","3D, Isometric",2024-06-16,59.99,97739.0,5277038.0,511.0,205.0,4097.0,93556.0,7.0,634741.0,36.0,False,87.0,4736.0,15.0,-546.0
1840080,Homeworld 3,Gearbox Publishing,Blackbird Interactive,Simulation,Strategy,-,"RTS, Strategy, Multiplayer, Roguelike, Simulation, Roguelite","Sci-fi, Story Rich, Atmospheric","Tactical, Combat, Real-Time","3D, Isometric",2024-06-17,59.99,97795.0,5280064.0,764.0,167.0,4110.0,93549.0,7.0,635329.0,36.0,False,56.0,3026.0,13.0,588.0
1840080,Homeworld 3,Gearbox Publishing,Blackbird Interactive,Simulation,Strategy,-,"RTS, Strategy, Multiplayer, Roguelike, Simulation, Roguelite","Sci-fi, Story Rich, Atmospheric","Tactical, Combat, Real-Time","3D, Isometric",2024-06-18,59.99,97864.0,5283770.0,,156.0,4117.0,93537.0,7.0,636441.0,36.0,False,69.0,3706.0,7.0,1112.0
1840080,Homeworld 3,Gearbox Publishing,Blackbird Interactive,Simulation,Strategy,-,"RTS, Strategy, Multiplayer, Roguelike, Simulation, Roguelite","Sci-fi, Story Rich, Atmospheric","Tactical, Combat, Real-Time","3D, Isometric",2024-06-19,59.99,97921.0,5286854.0,,148.0,4127.0,93535.0,7.0,636679.0,36.0,False,57.0,3084.0,10.0,238.0
1840080,Homeworld 3,Gearbox Publishing,Blackbird Interactive,Simulation,Strategy,-,"RTS, Strategy, Multiplayer, Roguelike, Simulation, Roguelite","Sci-fi, Story Rich, Atmospheric","Tactical, Combat, Real-Time","3D, Isometric",2024-06-20,59.99,97962.0,5289081.0,785.0,149.0,4135.0,93542.0,7.0,636000.0,36.0,False,41.0,2227.0,8.0,-679.0
1840080,Homeworld 3,Gearbox Publishing,Blackbird Interactive,Simulation,Strategy,-,"RTS, Strategy, Multiplayer, Roguelike, Simulation, Roguelite","Sci-fi, Story Rich, Atmospheric","Tactical, Combat, Real-Time","3D, Isometric",2024-06-21,59.99,98022.0,5292328.0,716.0,184.0,4142.0,93548.0,8.0,635456.0,36.0,False,60.0,3247.0,7.0,-544.0
1840080,Homeworld 3,Gearbox Publishing,Blackbird Interactive,Simulation,Strategy,-,"RTS, Strategy, Multiplayer, Roguelike, Simulation, Roguelite","Sci-fi, Story Rich, Atmospheric","Tactical, Combat, Real-Time","3D, Isometric",2024-06-22,59.99,98101.0,5296545.0,605.0,196.0,4155.0,93548.0,8.0,635456.0,35.0,False,79.0,4217.0,13.0,0.0
1840080,Homeworld 3,Gearbox Publishing,Blackbird Interactive,Simulation,Strategy,-,"RTS, Strategy, Multiplayer, Roguelike, Simulation, Roguelite","Sci-fi, Story Rich, Atmospheric","Tactical, Combat, Real-Time","3D, Isometric",2024-06-23,59.99,98158.0,5299660.0,711.0,148.0,4166.0,93531.0,8.0,637065.0,34.0,False,57.0,3115.0,11.0,1609.0
1840080,Homeworld 3,Gearbox Publishing,Blackbird Interactive,Simulation,Strategy,-,"RTS, Strategy, Multiplayer, Roguelike, Simulation, Roguelite","Sci-fi, Story Rich, Atmospheric","Tactical, Combat, Real-Time","3D, Isometric",2024-06-24,59.99,98198.0,5301828.0,1072.0,115.0,4173.0,93510.0,8.0,638977.0,35.0,False,40.0,2168.0,7.0,1912.0
1840080,Homeworld 3,Gearbox Publishing,Blackbird Interactive,Simulation,Strategy,-,"RTS, Strategy, Multiplayer, Roguelike, Simulation, Roguelite","Sci-fi, Story Rich, Atmospheric","Tactical, Combat, Real-Time","3D, Isometric",2024-06-25,59.99,98238.0,5303971.0,1050.0,113.0,4178.0,93494.0,8.0,640466.0,35.0,False,40.0,2143.0,5.0,1489.0
1840080,Homeworld 3,Gearbox Publishing,Blackbird Interactive,Simulation,Strategy,-,"RTS, Strategy, Multiplayer, Roguelike, Simulation, Roguelite","Sci-fi, Story Rich, Atmospheric","Tactical, Combat, Real-Time","3D, Isometric",2024-06-26,59.99,98284.0,5306472.0,886.0,111.0,4183.0,93478.0,8.0,641918.0,35.0,False,46.0,2501.0,5.0,1452.0
1840080,Homeworld 3,Gearbox Publishing,Blackbird Interactive,Simulation,Strategy,-,"RTS, Strategy, Multiplayer, Roguelike, Simulation, Roguelite","Sci-fi, Story Rich, Atmospheric","Tactical, Combat, Real-Time","3D, Isometric",2024-06-27,59.99,98342.0,5309088.0,836.0,123.0,4190.0,93399.0,8.0,649162.0,34.0,False,58.0,2616.0,7.0,7244.0
1840080,Homeworld 3,Gearbox Publishing,Blackbird Interactive,Simulation,Strategy,-,"RTS, Strategy, Multiplayer, Roguelike, Simulation, Roguelite","Sci-fi, Story Rich, Atmospheric","Tactical, Combat, Real-Time","3D, Isometric",2024-06-28,59.99,98404.0,5311759.0,808.0,158.0,4198.0,93313.0,8.0,657111.0,34.0,False,62.0,2671.0,8.0,7949.0
1840080,Homeworld 3,Gearbox Publishing,Blackbird Interactive,Simulation,Strategy,-,"RTS, Strategy, Multiplayer, Roguelike, Simulation, Roguelite","Sci-fi, Story Rich, Atmospheric","Tactical, Combat, Real-Time","3D, Isometric",2024-06-29,47.99,98467.0,5314503.0,780.0,172.0,4205.0,93245.0,8.0,663344.0,34.0,False,63.0,2744.0,7.0,6233.0
1840080,Homeworld 3,Gearbox Publishing,Blackbird Interactive,Simulation,Strategy,-,"RTS, Strategy, Multiplayer, Roguelike, Simulation, Roguelite","Sci-fi, Story Rich, Atmospheric","Tactical, Combat, Real-Time","3D, Isometric",2024-06-30,47.99,98528.0,5317101.0,855.0,143.0,4217.0,93204.0,8.0,667191.0,35.0,False,61.0,2598.0,12.0,3847.0
1840080,Homeworld 3,Gearbox Publishing,Blackbird Interactive,Simulation,Strategy,-,"RTS, Strategy, Multiplayer, Roguelike, Simulation, Roguelite","Sci-fi, Story Rich, Atmospheric","Tactical, Combat, Real-Time","3D, Isometric",2024-07-01,47.99,98589.0,5319760.0,969.0,124.0,4225.0,93170.0,8.0,670274.0,36.0,False,61.0,2659.0,8.0,3083.0
1840080,Homeworld 3,Gearbox Publishing,Blackbird Interactive,Simulation,Strategy,-,"RTS, Strategy, Multiplayer, Roguelike, Simulation, Roguelite","Sci-fi, Story Rich, Atmospheric","Tactical, Combat, Real-Time","3D, Isometric",2024-07-02,47.99,98644.0,5322143.0,949.0,114.0,4233.0,93156.0,8.0,671550.0,35.0,False,55.0,2383.0,8.0,1276.0
1840080,Homeworld 3,Gearbox Publishing,Blackbird Interactive,Simulation,Strategy,-,"RTS, Strategy, Multiplayer, Roguelike, Simulation, Roguelite","Sci-fi, Story Rich, Atmospheric","Tactical, Combat, Real-Time","3D, Isometric",2024-07-03,47.99,98698.0,5324461.0,980.0,120.0,4239.0,93151.0,8.0,671998.0,36.0,False,54.0,2318.0,6.0,448.0
1840080,Homeworld 3,Gearbox Publishing,Blackbird Interactive,Simulation,Strategy,-,"RTS, Strategy, Multiplayer, Roguelike, Simulation, Roguelite","Sci-fi, Story Rich, Atmospheric","Tactical, Combat, Real-Time","3D, Isometric",2024-07-04,47.99,98757.0,5327012.0,865.0,111.0,4250.0,93122.0,8.0,674690.0,36.0,False,59.0,2551.0,11.0,2692.0
1840080,Homeworld 3,Gearbox Publishing,Blackbird Interactive,Simulation,Strategy,-,"RTS, Strategy, Multiplayer, Roguelike, Simulation, Roguelite","Sci-fi, Story Rich, Atmospheric","Tactical, Combat, Real-Time","3D, Isometric",2024-07-05,47.99,98811.0,5329352.0,954.0,133.0,4255.0,93091.0,8.0,677533.0,36.0,False,54.0,2340.0,5.0,2843.0
1840080,Homeworld 3,Gearbox Publishing,Blackbird Interactive,Simulation,Strategy,-,"RTS, Strategy, Multiplayer, Roguelike, Simulation, Roguelite","Sci-fi, Story Rich, Atmospheric","Tactical, Combat, Real-Time","3D, Isometric",2024-07-06,47.99,98862.0,5331543.0,1054.0,143.0,4260.0,93058.0,8.0,680572.0,36.0,False,51.0,2191.0,5.0,3039.0
1840080,Homeworld 3,Gearbox Publishing,Blackbird Interactive,Simulation,Strategy,-,"RTS, Strategy, Multiplayer, Roguelike, Simulation, Roguelite","Sci-fi, Story Rich, Atmospheric","Tactical, Combat, Real-Time","3D, Isometric",2024-07-07,47.99,98912.0,5333692.0,1041.0,98.0,4265.0,93040.0,8.0,679894.0,35.0,False,50.0,2149.0,5.0,-678.0
1840080,Homeworld 3,Gearbox Publishing,Blackbird Interactive,Simulation,Strategy,-,"RTS, Strategy, Multiplayer, Roguelike, Simulation, Roguelite","Sci-fi, Story Rich, Atmospheric","Tactical, Combat, Real-Time","3D, Isometric",2024-07-08,47.99,98945.0,5335150.0,1396.0,86.0,4270.0,93031.0,8.0,680757.0,35.0,False,33.0,1458.0,5.0,863.0
1840080,Homeworld 3,Gearbox Publishing,Blackbird Interactive,Simulation,Strategy,-,"RTS, Strategy, Multiplayer, Roguelike, Simulation, Roguelite","Sci-fi, Story Rich, Atmospheric","Tactical, Combat, Real-Time","3D, Isometric",2024-07-09,47.99,98987.0,5336924.0,1261.0,85.0,4275.0,93003.0,8.0,679894.0,36.0,False,42.0,1774.0,5.0,-863.0
1840080,Homeworld 3,Gearbox Publishing,Blackbird Interactive,Simulation,Strategy,-,"RTS, Strategy, Multiplayer, Roguelike, Simulation, Roguelite","Sci-fi, Story Rich, Atmospheric","Tactical, Combat, Real-Time","3D, Isometric",2024-07-10,47.99,99027.0,5338659.0,1267.0,81.0,4280.0,92972.0,8.0,677813.0,36.0,False,40.0,1735.0,5.0,-2081.0
1840080,Homeworld 3,Gearbox Publishing,Blackbird Interactive,Simulation,Strategy,-,"RTS, Strategy, Multiplayer, Roguelike, Simulation, Roguelite","Sci-fi, Story Rich, Atmospheric","Tactical, Combat, Real-Time","3D, Isometric",2024-07-11,47.99,99057.0,5340241.0,1346.0,86.0,4284.0,92957.0,8.0,673611.0,35.0,False,30.0,1582.0,4.0,-4202.0
1840080,Homeworld 3,Gearbox Publishing,Blackbird Interactive,Simulation,Strategy,-,"RTS, Strategy, Multiplayer, Roguelike, Simulation, Roguelite","Sci-fi, Story Rich, Atmospheric","Tactical, Combat, Real-Time","3D, Isometric",2024-07-12,47.99,99092.0,5342149.0,1178.0,98.0,4289.0,92952.0,8.0,673562.0,33.0,False,35.0,1908.0,5.0,-49.0
1840080,Homeworld 3,Gearbox Publishing,Blackbird Interactive,Simulation,Strategy,-,"RTS, Strategy, Multiplayer, Roguelike, Simulation, Roguelite","Sci-fi, Story Rich, Atmospheric","Tactical, Combat, Real-Time","3D, Isometric",2024-07-13,59.99,99130.0,5344197.0,1117.0,109.0,4296.0,92945.0,8.0,674211.0,33.0,False,38.0,2048.0,7.0,649.0
1840080,Homeworld 3,Gearbox Publishing,Blackbird Interactive,Simulation,Strategy,-,"RTS, Strategy, Multiplayer, Roguelike, Simulation, Roguelite","Sci-fi, Story Rich, Atmospheric","Tactical, Combat, Real-Time","3D, Isometric",2024-07-14,59.99,99156.0,5345613.0,1421.0,83.0,4306.0,92923.0,8.0,671014.0,33.0,False,26.0,1416.0,10.0,-3197.0
1840080,Homeworld 3,Gearbox Publishing,Blackbird Interactive,Simulation,Strategy,-,"RTS, Strategy, Multiplayer, Roguelike, Simulation, Roguelite","Sci-fi, Story Rich, Atmospheric","Tactical, Combat, Real-Time","3D, Isometric",2024-07-15,59.99,99183.0,5347058.0,1417.0,64.0,4312.0,92907.0,8.0,671926.0,33.0,False,27.0,1445.0,6.0,912.0
1840080,Homeworld 3,Gearbox Publishing,Blackbird Interactive,Simulation,Strategy,-,"RTS, Strategy, Multiplayer, Roguelike, Simulation, Roguelite","Sci-fi, Story Rich, Atmospheric","Tactical, Combat, Real-Time","3D, Isometric",2024-07-16,59.99,99194.0,5347645.0,1567.0,63.0,4318.0,92894.0,8.0,671589.0,33.0,False,11.0,587.0,6.0,-337.0
1840080,Homeworld 3,Gearbox Publishing,Blackbird Interactive,Simulation,Strategy,-,"RTS, Strategy, Multiplayer, Roguelike, Simulation, Roguelite","Sci-fi, Story Rich, Atmospheric","Tactical, Combat, Real-Time","3D, Isometric",2024-07-17,59.99,99203.0,5348128.0,1741.0,65.0,4324.0,92881.0,8.0,671041.0,32.0,False,9.0,483.0,6.0,-548.0
1840080,Homeworld 3,Gearbox Publishing,Blackbird Interactive,Simulation,Strategy,-,"RTS, Strategy, Multiplayer, Roguelike, Simulation, Roguelite","Sci-fi, Story Rich, Atmospheric","Tactical, Combat, Real-Time","3D, Isometric",2024-07-18,59.99,99223.0,5349234.0,1566.0,65.0,4330.0,92867.0,8.0,669034.0,33.0,False,20.0,1106.0,6.0,-2007.0
1840080,Homeworld 3,Gearbox Publishing,Blackbird Interactive,Simulation,Strategy,-,"RTS, Strategy, Multiplayer, Roguelike, Simulation, Roguelite","Sci-fi, Story Rich, Atmospheric","Tactical, Combat, Real-Time","3D, Isometric",2024-07-19,59.99,99251.0,5350700.0,1393.0,83.0,4335.0,92856.0,8.0,667811.0,33.0,False,28.0,1466.0,5.0,-1223.0
1840080,Homeworld 3,Gearbox Publishing,Blackbird Interactive,Simulation,Strategy,-,"RTS, Strategy, Multiplayer, Roguelike, Simulation, Roguelite","Sci-fi, Story Rich, Atmospheric","Tactical, Combat, Real-Time","3D, Isometric",2024-07-20,59.99,99290.0,5352853.0,1070.0,85.0,4339.0,92850.0,8.0,664855.0,33.0,False,39.0,2153.0,4.0,-2956.0
1840080,Homeworld 3,Gearbox Publishing,Blackbird Interactive,Simulation,Strategy,-,"RTS, Strategy, Multiplayer, Roguelike, Simulation, Roguelite","Sci-fi, Story Rich, Atmospheric","Tactical, Combat, Real-Time","3D, Isometric",2024-07-21,59.99,99314.0,5354111.0,1529.0,62.0,4342.0,92845.0,8.0,664859.0,33.0,False,24.0,1258.0,3.0,4.0
1840080,Homeworld 3,Gearbox Publishing,Blackbird Interactive,Simulation,Strategy,-,"RTS, Strategy, Multiplayer, Roguelike, Simulation, Roguelite","Sci-fi, Story Rich, Atmospheric","Tactical, Combat, Real-Time","3D, Isometric",2024-07-22,59.99,99342.0,5355625.0,1386.0,64.0,4347.0,92836.0,8.0,665779.0,33.0,False,28.0,1514.0,5.0,920.0
1840080,Homeworld 3,Gearbox Publishing,Blackbird Interactive,Simulation,Strategy,-,"RTS, Strategy, Multiplayer, Roguelike, Simulation, Roguelite","Sci-fi, Story Rich, Atmospheric","Tactical, Combat, Real-Time","3D, Isometric",2024-07-23,59.99,99376.0,5357482.0,1224.0,65.0,4350.0,92829.0,8.0,666504.0,34.0,False,34.0,1857.0,3.0,725.0
1840080,Homeworld 3,Gearbox Publishing,Blackbird Interactive,Simulation,Strategy,-,"RTS, Strategy, Multiplayer, Roguelike, Simulation, Roguelite","Sci-fi, Story Rich, Atmospheric","Tactical, Combat, Real-Time","3D, Isometric",2024-07-24,59.99,99400.0,5358743.0,1509.0,59.0,4354.0,92818.0,8.0,664451.0,32.0,False,24.0,1261.0,4.0,-2053.0
1840080,Homeworld 3,Gearbox Publishing,Blackbird Interactive,Simulation,Strategy,-,"RTS, Strategy, Multiplayer, Roguelike, Simulation, Roguelite","Sci-fi, Story Rich, Atmospheric","Tactical, Combat, Real-Time","3D, Isometric",2024-07-25,59.99,99414.0,5359500.0,1961.0,58.0,4357.0,92810.0,8.0,664895.0,31.0,False,14.0,757.0,3.0,444.0
1840080,Homeworld 3,Gearbox Publishing,Blackbird Interactive,Simulation,Strategy,-,"RTS, Strategy, Multiplayer, Roguelike, Simulation, Roguelite","Sci-fi, Story Rich, Atmospheric","Tactical, Combat, Real-Time","3D, Isometric",2024-07-26,59.99,99442.0,5361025.0,1398.0,78.0,4361.0,92805.0,8.0,665426.0,31.0,False,28.0,1525.0,4.0,531.0
1840080,Homeworld 3,Gearbox Publishing,Blackbird Interactive,Simulation,Strategy,-,"RTS, Strategy, Multiplayer, Roguelike, Simulation, Roguelite","Sci-fi, Story Rich, Atmospheric","Tactical, Combat, Real-Time","3D, Isometric",2024-07-27,59.99,99475.0,5362797.0,1256.0,84.0,4364.0,92798.0,8.0,664490.0,29.0,False,33.0,1772.0,3.0,-936.0
1840080,Homeworld 3,Gearbox Publishing,Blackbird Interactive,Simulation,Strategy,-,"RTS, Strategy, Multiplayer, Roguelike, Simulation, Roguelite","Sci-fi, Story Rich, Atmospheric","Tactical, Combat, Real-Time","3D, Isometric",2024-07-28,59.99,99510.0,5364714.0,1171.0,61.0,4370.0,92796.0,8.0,663396.0,29.0,False,35.0,1917.0,6.0,-1094.0
1840080,Homeworld 3,Gearbox Publishing,Blackbird Interactive,Simulation,Strategy,-,"RTS, Strategy, Multiplayer, Roguelike, Simulation, Roguelite","Sci-fi, Story Rich, Atmospheric","Tactical, Combat, Real-Time","3D, Isometric",2024-07-29,59.99,99523.0,5365403.0,2139.0,63.0,4374.0,92792.0,8.0,660859.0,28.0,False,13.0,689.0,4.0,-2537.0
1840080,Homeworld 3,Gearbox Publishing,Blackbird Interactive,Simulation,Strategy,-,"RTS, Strategy, Multiplayer, Roguelike, Simulation, Roguelite","Sci-fi, Story Rich, Atmospheric","Tactical, Combat, Real-Time","3D, Isometric",2024-07-30,59.99,99524.0,5365461.0,3909.0,56.0,4376.0,92777.0,8.0,661997.0,27.0,False,1.0,58.0,2.0,1138.0
1840080,Homeworld 3,Gearbox Publishing,Blackbird Interactive,Simulation,Strategy,-,"RTS, Strategy, Multiplayer, Roguelike, Simulation, Roguelite","Sci-fi, Story Rich, Atmospheric","Tactical, Combat, Real-Time","3D, Isometric",2024-07-31,59.99,99534.0,5365998.0,2336.0,62.0,4377.0,92764.0,8.0,661183.0,25.0,False,10.0,537.0,1.0,-814.0
1840080,Homeworld 3,Gearbox Publishing,Blackbird Interactive,Simulation,Strategy,-,"RTS, Strategy, Multiplayer, Roguelike, Simulation, Roguelite","Sci-fi, Story Rich, Atmospheric","Tactical, Combat, Real-Time","3D, Isometric",2024-08-01,59.99,99551.0,5366926.0,1797.0,61.0,4381.0,92749.0,8.0,658196.0,26.0,False,17.0,928.0,4.0,-2987.0
1840080,Homeworld 3,Gearbox Publishing,Blackbird Interactive,Simulation,Strategy,-,"RTS, Strategy, Multiplayer, Roguelike, Simulation, Roguelite","Sci-fi, Story Rich, Atmospheric","Tactical, Combat, Real-Time","3D, Isometric",2024-08-02,59.99,99569.0,5367893.0,1768.0,65.0,4387.0,92738.0,9.0,658767.0,25.0,False,18.0,967.0,6.0,571.0
1840080,Homeworld 3,Gearbox Publishing,Blackbird Interactive,Simulation,Strategy,-,"RTS, Strategy, Multiplayer, Roguelike, Simulation, Roguelite","Sci-fi, Story Rich, Atmospheric","Tactical, Combat, Real-Time","3D, Isometric",2024-08-03,59.99,99590.0,5369022.0,1616.0,70.0,4393.0,92726.0,9.0,656893.0,22.0,False,21.0,1129.0,6.0,-1874.0
1840080,Homeworld 3,Gearbox Publishing,Blackbird Interactive,Simulation,Strategy,-,"RTS, Strategy, Multiplayer, Roguelike, Simulation, Roguelite","Sci-fi, Story Rich, Atmospheric","Tactical, Combat, Real-Time","3D, Isometric",2024-08-04,59.99,99610.0,5370105.0,1646.0,56.0,4397.0,92716.0,9.0,654758.0,22.0,False,20.0,1083.0,4.0,-2135.0
1840080,Homeworld 3,Gearbox Publishing,Blackbird Interactive,Simulation,Strategy,-,"RTS, Strategy, Multiplayer, Roguelike, Simulation, Roguelite","Sci-fi, Story Rich, Atmospheric","Tactical, Combat, Real-Time","3D, Isometric",2024-08-05,59.99,99630.0,5371181.0,1664.0,53.0,4402.0,92706.0,9.0,655473.0,22.0,False,20.0,1076.0,5.0,715.0
1840080,Homeworld 3,Gearbox Publishing,Blackbird Interactive,Simulation,Strategy,-,"RTS, Strategy, Multiplayer, Roguelike, Simulation, Roguelite","Sci-fi, Story Rich, Atmospheric","Tactical, Combat, Real-Time","3D, Isometric",2024-08-06,59.99,99640.0,5371742.0,2241.0,50.0,4405.0,92690.0,9.0,653504.0,23.0,False,10.0,561.0,3.0,-1969.0
1840080,Homeworld 3,Gearbox Publishing,Blackbird Interactive,Simulation,Strategy,-,"RTS, Strategy, Multiplayer, Roguelike, Simulation, Roguelite","Sci-fi, Story Rich, Atmospheric","Tactical, Combat, Real-Time","3D, Isometric",2024-08-07,59.99,99670.0,5373334.0,1368.0,47.0,4410.0,92679.0,9.0,654365.0,23.0,False,30.0,1592.0,5.0,861.0
1840080,Homeworld 3,Gearbox Publishing,Blackbird Interactive,Simulation,Strategy,-,"RTS, Strategy, Multiplayer, Roguelike, Simulation, Roguelite","Sci-fi, Story Rich, Atmospheric","Tactical, Combat, Real-Time","3D, Isometric",2024-08-08,59.99,99692.0,5374525.0,1596.0,47.0,4412.0,92669.0,9.0,649901.0,22.0,False,22.0,1191.0,2.0,-4464.0
1840080,Homeworld 3,Gearbox Publishing,Blackbird Interactive,Simulation,Strategy,-,"RTS, Strategy, Multiplayer, Roguelike, Simulation, Roguelite","Sci-fi, Story Rich, Atmospheric","Tactical, Combat, Real-Time","3D, Isometric",2024-08-09,59.99,99705.0,5375213.0,1993.0,65.0,4414.0,92650.0,9.0,651248.0,21.0,False,13.0,688.0,2.0,1347.0
1840080,Homeworld 3,Gearbox Publishing,Blackbird Interactive,Simulation,Strategy,-,"RTS, Strategy, Multiplayer, Roguelike, Simulation, Roguelite","Sci-fi, Story Rich, Atmospheric","Tactical, Combat, Real-Time","3D, Isometric",2024-08-10,59.99,99715.0,5375766.0,2193.0,63.0,4418.0,92640.0,9.0,652326.0,21.0,False,10.0,553.0,4.0,1078.0
1840080,Homeworld 3,Gearbox Publishing,Blackbird Interactive,Simulation,Strategy,-,"RTS, Strategy, Multiplayer, Roguelike, Simulation, Roguelite","Sci-fi, Story Rich, Atmospheric","Tactical, Combat, Real-Time","3D, Isometric",2024-08-11,59.99,99724.0,5376255.0,2296.0,49.0,4424.0,92631.0,9.0,653266.0,23.0,False,9.0,489.0,6.0,940.0
1840080,Homeworld 3,Gearbox Publishing,Blackbird Interactive,Simulation,Strategy,-,"RTS, Strategy, Multiplayer, Roguelike, Simulation, Roguelite","Sci-fi, Story Rich, Atmospheric","Tactical, Combat, Real-Time","3D, Isometric",2024-08-12,59.99,99743.0,5377286.0,1680.0,43.0,4426.0,92624.0,9.0,648973.0,24.0,False,19.0,1031.0,2.0,-4293.0
1840080,Homeworld 3,Gearbox Publishing,Blackbird Interactive,Simulation,Strategy,-,"RTS, Strategy, Multiplayer, Roguelike, Simulation, Roguelite","Sci-fi, Story Rich, Atmospheric","Tactical, Combat, Real-Time","3D, Isometric",2024-08-13,59.99,99761.0,5378248.0,1780.0,52.0,4428.0,92590.0,9.0,651766.0,23.0,False,18.0,962.0,2.0,2793.0
1840080,Homeworld 3,Gearbox Publishing,Blackbird Interactive,Simulation,Strategy,-,"RTS, Strategy, Multiplayer, Roguelike, Simulation, Roguelite","Sci-fi, Story Rich, Atmospheric","Tactical, Combat, Real-Time","3D, Isometric",2024-08-14,59.99,99777.0,5379133.0,1855.0,68.0,4429.0,92557.0,9.0,645980.0,21.0,False,16.0,885.0,1.0,-5786.0
1840080,Homeworld 3,Gearbox Publishing,Blackbird Interactive,Simulation,Strategy,-,"RTS, Strategy, Multiplayer, Roguelike, Simulation, Roguelite","Sci-fi, Story Rich, Atmospheric","Tactical, Combat, Real-Time","3D, Isometric",2024-08-15,59.99,99875.0,5383395.0,659.0,104.0,4437.0,92523.0,9.0,648575.0,20.0,False,98.0,4262.0,8.0,2595.0
1840080,Homeworld 3,Gearbox Publishing,Blackbird Interactive,Simulation,Strategy,-,"RTS, Strategy, Multiplayer, Roguelike, Simulation, Roguelite","Sci-fi, Story Rich, Atmospheric","Tactical, Combat, Real-Time","3D, Isometric",2024-08-16,59.99,99987.0,5388234.0,500.0,121.0,4451.0,92467.0,9.0,647992.0,21.0,False,112.0,4839.0,14.0,-583.0
1840080,Homeworld 3,Gearbox Publishing,Blackbird Interactive,Simulation,Strategy,-,"RTS, Strategy, Multiplayer, Roguelike, Simulation, Roguelite","Sci-fi, Story Rich, Atmospheric","Tactical, Combat, Real-Time","3D, Isometric",2024-08-17,47.99,100064.0,5391519.0,665.0,124.0,4459.0,92442.0,9.0,646892.0,21.0,False,77.0,3285.0,8.0,-1100.0
1840080,Homeworld 3,Gearbox Publishing,Blackbird Interactive,Simulation,Strategy,-,"RTS, Strategy, Multiplayer, Roguelike, Simulation, Roguelite","Sci-fi, Story Rich, Atmospheric","Tactical, Combat, Real-Time","3D, Isometric",2024-08-18,47.99,100122.0,5394038.0,898.0,85.0,4465.0,92436.0,9.0,644708.0,23.0,False,58.0,2519.0,6.0,-2184.0
1840080,Homeworld 3,Gearbox Publishing,Blackbird Interactive,Simulation,Strategy,-,"RTS, Strategy, Multiplayer, Roguelike, Simulation, Roguelite","Sci-fi, Story Rich, Atmospheric","Tactical, Combat, Real-Time","3D, Isometric",2024-08-19,47.99,100182.0,5396652.0,821.0,71.0,4470.0,92426.0,9.0,645547.0,23.0,False,60.0,2614.0,5.0,839.0
1840080,Homeworld 3,Gearbox Publishing,Blackbird Interactive,Simulation,Strategy,-,"RTS, Strategy, Multiplayer, Roguelike, Simulation, Roguelite","Sci-fi, Story Rich, Atmospheric","Tactical, Combat, Real-Time","3D, Isometric",2024-08-20,47.99,100232.0,5398792.0,1082.0,66.0,4474.0,92409.0,9.0,644695.0,23.0,False,50.0,2140.0,4.0,-852.0
1840080,Homeworld 3,Gearbox Publishing,Blackbird Interactive,Simulation,Strategy,-,"RTS, Strategy, Multiplayer, Roguelike, Simulation, Roguelite","Sci-fi, Story Rich, Atmospheric","Tactical, Combat, Real-Time","3D, Isometric",2024-08-21,47.99,100292.0,5401407.0,839.0,66.0,4479.0,92400.0,9.0,643594.0,25.0,False,60.0,2615.0,5.0,-1101.0
1840080,Homeworld 3,Gearbox Publishing,Blackbird Interactive,Simulation,Strategy,-,"RTS, Strategy, Multiplayer, Roguelike, Simulation, Roguelite","Sci-fi, Story Rich, Atmospheric","Tactical, Combat, Real-Time","3D, Isometric",2024-08-22,47.99,100345.0,5403686.0,979.0,69.0,4488.0,92395.0,9.0,641600.0,26.0,False,53.0,2279.0,9.0,-1994.0
1840080,Homeworld 3,Gearbox Publishing,Blackbird Interactive,Simulation,Strategy,-,"RTS, Strategy, Multiplayer, Roguelike, Simulation, Roguelite","Sci-fi, Story Rich, Atmospheric","Tactical, Combat, Real-Time","3D, Isometric",2024-08-23,47.99,100395.0,5405826.0,1062.0,78.0,4491.0,92386.0,9.0,642272.0,26.0,False,50.0,2140.0,3.0,672.0
1840080,Homeworld 3,Gearbox Publishing,Blackbird Interactive,Simulation,Strategy,-,"RTS, Strategy, Multiplayer, Roguelike, Simulation, Roguelite","Sci-fi, Story Rich, Atmospheric","Tactical, Combat, Real-Time","3D, Isometric",2024-08-24,47.99,100439.0,5407713.0,1193.0,82.0,4494.0,92378.0,9.0,639801.0,26.0,False,44.0,1887.0,3.0,-2471.0
1840080,Homeworld 3,Gearbox Publishing,Blackbird Interactive,Simulation,Strategy,-,"RTS, Strategy, Multiplayer, Roguelike, Simulation, Roguelite","Sci-fi, Story Rich, Atmospheric","Tactical, Combat, Real-Time","3D, Isometric",2024-08-25,47.99,100480.0,5409515.0,1235.0,69.0,4501.0,92372.0,9.0,640102.0,29.0,False,41.0,1802.0,7.0,301.0
1840080,Homeworld 3,Gearbox Publishing,Blackbird Interactive,Simulation,Strategy,-,"RTS, Strategy, Multiplayer, Roguelike, Simulation, Roguelite","Sci-fi, Story Rich, Atmospheric","Tactical, Combat, Real-Time","3D, Isometric",2024-08-26,47.99,100525.0,5411433.0,1173.0,56.0,4504.0,92364.0,9.0,638241.0,29.0,False,45.0,1918.0,3.0,-1861.0
1840080,Homeworld 3,Gearbox Publishing,Blackbird Interactive,Simulation,Strategy,-,"RTS, Strategy, Multiplayer, Roguelike, Simulation, Roguelite","Sci-fi, Story Rich, Atmospheric","Tactical, Combat, Real-Time","3D, Isometric",2024-08-27,47.99,100574.0,5413579.0,1039.0,52.0,4509.0,92346.0,9.0,637042.0,30.0,False,49.0,2146.0,5.0,-1199.0
1840080,Homeworld 3,Gearbox Publishing,Blackbird Interactive,Simulation,Strategy,-,"RTS, Strategy, Multiplayer, Roguelike, Simulation, Roguelite","Sci-fi, Story Rich, Atmospheric","Tactical, Combat, Real-Time","3D, Isometric",2024-08-28,47.99,100618.0,5415483.0,1182.0,52.0,4510.0,92341.0,9.0,635948.0,30.0,False,44.0,1904.0,1.0,-1094.0
1840080,Homeworld 3,Gearbox Publishing,Blackbird Interactive,Simulation,Strategy,-,"RTS, Strategy, Multiplayer, Roguelike, Simulation, Roguelite","Sci-fi, Story Rich, Atmospheric","Tactical, Combat, Real-Time","3D, Isometric",2024-08-29,47.99,100646.0,5416921.0,1422.0,53.0,4512.0,92327.0,9.0,634840.0,30.0,False,28.0,1438.0,2.0,-1108.0
1840080,Homeworld 3,Gearbox Publishing,Blackbird Interactive,Simulation,Strategy,-,"RTS, Strategy, Multiplayer, Roguelike, Simulation, Roguelite","Sci-fi, Story Rich, Atmospheric","Tactical, Combat, Real-Time","3D, Isometric",2024-08-30,47.99,100676.0,5418500.0,1334.0,57.0,4513.0,92312.0,9.0,633741.0,30.0,False,30.0,1579.0,1.0,-1099.0
1840080,Homeworld 3,Gearbox Publishing,Blackbird Interactive,Simulation,Strategy,-,"RTS, Strategy, Multiplayer, Roguelike, Simulation, Roguelite","Sci-fi, Story Rich, Atmospheric","Tactical, Combat, Real-Time","3D, Isometric",2024-08-31,59.99,100695.0,5419568.0,1712.0,66.0,4516.0,92313.0,9.0,632640.0,30.0,False,19.0,1068.0,3.0,-1101.0
1840080,Homeworld 3,Gearbox Publishing,Blackbird Interactive,Simulation,Strategy,-,"RTS, Strategy, Multiplayer, Roguelike, Simulation, Roguelite","Sci-fi, Story Rich, Atmospheric","Tactical, Combat, Real-Time","3D, Isometric",2024-09-01,59.99,100718.0,5420800.0,1530.0,50.0,4520.0,92309.0,9.0,630547.0,32.0,False,23.0,1232.0,4.0,-2093.0
1840080,Homeworld 3,Gearbox Publishing,Blackbird Interactive,Simulation,Strategy,-,"RTS, Strategy, Multiplayer, Roguelike, Simulation, Roguelite","Sci-fi, Story Rich, Atmospheric","Tactical, Combat, Real-Time","3D, Isometric",2024-09-02,59.99,100727.0,5421283.0,2281.0,44.0,4522.0,92293.0,9.0,626238.0,34.0,False,9.0,483.0,2.0,-4309.0
1840080,Homeworld 3,Gearbox Publishing,Blackbird Interactive,Simulation,Strategy,-,"RTS, Strategy, Multiplayer, Roguelike, Simulation, Roguelite","Sci-fi, Story Rich, Atmospheric","Tactical, Combat, Real-Time","3D, Isometric",2024-09-03,59.99,100740.0,5421959.0,2067.0,51.0,4523.0,92287.0,9.0,626105.0,34.0,False,13.0,676.0,1.0,-133.0
1840080,Homeworld 3,Gearbox Publishing,Blackbird Interactive,Simulation,Strategy,-,"RTS, Strategy, Multiplayer, Roguelike, Simulation, Roguelite","Sci-fi, Story Rich, Atmospheric","Tactical, Combat, Real-Time","3D, Isometric",2024-09-04,59.99,100760.0,5423046.0,1647.0,46.0,4525.0,92281.0,9.0,626893.0,35.0,False,20.0,1087.0,2.0,788.0
1840080,Homeworld 3,Gearbox Publishing,Blackbird Interactive,Simulation,Strategy,-,"RTS, Strategy, Multiplayer, Roguelike, Simulation, Roguelite","Sci-fi, Story Rich, Atmospheric","Tactical, Combat, Real-Time","3D, Isometric",2024-09-05,59.99,100783.0,5424309.0,1494.0,46.0,4528.0,92276.0,9.0,621197.0,36.0,False,23.0,1263.0,3.0,-5696.0
1840080,Homeworld 3,Gearbox Publishing,Blackbird Interactive,Simulation,Strategy,-,"RTS, Strategy, Multiplayer, Roguelike, Simulation, Roguelite","Sci-fi, Story Rich, Atmospheric","Tactical, Combat, Real-Time","3D, Isometric",2024-09-06,59.99,100806.0,5425519.0,1576.0,48.0,4531.0,92265.0,9.0,621598.0,37.0,False,23.0,1210.0,3.0,401.0
1840080,Homeworld 3,Gearbox Publishing,Blackbird Interactive,Simulation,Strategy,-,"RTS, Strategy, Multiplayer, Roguelike, Simulation, Roguelite","Sci-fi, Story Rich, Atmospheric","Tactical, Combat, Real-Time","3D, Isometric",2024-09-07,59.99,100821.0,5426371.0,1868.0,55.0,4534.0,92257.0,9.0,622597.0,37.0,False,15.0,852.0,3.0,999.0
1840080,Homeworld 3,Gearbox Publishing,Blackbird Interactive,Simulation,Strategy,-,"RTS, Strategy, Multiplayer, Roguelike, Simulation, Roguelite","Sci-fi, Story Rich, Atmospheric","Tactical, Combat, Real-Time","3D, Isometric",2024-09-08,59.99,100843.0,5427555.0,1562.0,46.0,4536.0,92257.0,9.0,622594.0,37.0,False,22.0,1184.0,2.0,-3.0
1840080,Homeworld 3,Gearbox Publishing,Blackbird Interactive,Simulation,Strategy,-,"RTS, Strategy, Multiplayer, Roguelike, Simulation, Roguelite","Sci-fi, Story Rich, Atmospheric","Tactical, Combat, Real-Time","3D, Isometric",2024-09-09,59.99,100853.0,5428085.0,2222.0,45.0,4539.0,92245.0,9.0,621599.0,37.0,False,10.0,530.0,3.0,-995.0
1840080,Homeworld 3,Gearbox Publishing,Blackbird Interactive,Simulation,Strategy,-,"RTS, Strategy, Multiplayer, Roguelike, Simulation, Roguelite","Sci-fi, Story Rich, Atmospheric","Tactical, Combat, Real-Time","3D, Isometric",2024-09-10,59.99,100866.0,5428758.0,2036.0,37.0,4542.0,92243.0,9.0,620070.0,36.0,False,13.0,673.0,3.0,-1529.0
1840080,Homeworld 3,Gearbox Publishing,Blackbird Interactive,Simulation,Strategy,-,"RTS, Strategy, Multiplayer, Roguelike, Simulation, Roguelite","Sci-fi, Story Rich, Atmospheric","Tactical, Combat, Real-Time","3D, Isometric",2024-09-11,59.99,100888.0,5429943.0,1583.0,42.0,4544.0,92239.0,9.0,620328.0,36.0,False,22.0,1185.0,2.0,258.0
1840080,Homeworld 3,Gearbox Publishing,Blackbird Interactive,Simulation,Strategy,-,"RTS, Strategy, Multiplayer, Roguelike, Simulation, Roguelite","Sci-fi, Story Rich, Atmospheric","Tactical, Combat, Real-Time","3D, Isometric",2024-09-12,59.99,100890.0,5430076.0,3531.0,44.0,4545.0,92234.0,9.0,619189.0,36.0,False,2.0,133.0,1.0,-1139.0
1840080,Homeworld 3,Gearbox Publishing,Blackbird Interactive,Simulation,Strategy,-,"RTS, Strategy, Multiplayer, Roguelike, Simulation, Roguelite","Sci-fi, Story Rich, Atmospheric","Tactical, Combat, Real-Time","3D, Isometric",2024-09-13,59.99,100901.0,5430645.0,2324.0,47.0,4545.0,92230.0,9.0,619356.0,37.0,False,11.0,569.0,0.0,167.0
1840080,Homeworld 3,Gearbox Publishing,Blackbird Interactive,Simulation,Strategy,-,"RTS, Strategy, Multiplayer, Roguelike, Simulation, Roguelite","Sci-fi, Story Rich, Atmospheric","Tactical, Combat, Real-Time","3D, Isometric",2024-09-14,59.99,,,,,,,,,,False,0.0,0.0,0.0,0.0
